job_number,source_book,book_title,job_statement,job_type,persona,job_map_stage,granularity,parent_job,prerequisites,related_jobs,desired_outcomes,section,evidence,notes,doc
1,release_notes,Release notes,"When planning to upgrade OpenShift Pipelines, I want to verify my cluster version is supported, so I can avoid compatibility issues and ensure successful deployment.",core,Platform administrator,Plan,main_job,,,Review breaking changes before upgrade | Assess technology preview features | Check component version compatibility,Minimize risk of upgrade failure | Ensure all pipeline components are supported on my cluster version | Understand which features are GA vs Technology Preview,Compatibility and support matrix,"release_notes-combined.adoc -> Compatibility and support matrix, lines 85-124",Main job for pre-upgrade compatibility verification,release_notes-combined.adoc
2,release_notes,Release notes,"When evaluating a new Pipelines release, I want to identify which components are Technology Preview versus GA, so I can make informed decisions about production readiness.",core,Platform administrator,Evaluate,user_story,"When planning to upgrade OpenShift Pipelines, I want to verify my cluster version is supported, so I can avoid compatibility issues and ensure successful deployment.",,Review technology preview features in detail | Assess organizational risk tolerance,Understand support status for each component | Plan which features can be used in production,Compatibility and support matrix,"release_notes-combined.adoc -> Compatibility and support matrix, lines 93-115",Helps distinguish between experimental and production-ready features,release_notes-combined.adoc
3,release_notes,Release notes,"When managing multiple OpenShift clusters, I want to review the OpenShift version support range, so I can plan rollout strategy across clusters running different versions.",core,Platform administrator,Plan,user_story,"When planning to upgrade OpenShift Pipelines, I want to verify my cluster version is supported, so I can avoid compatibility issues and ensure successful deployment.",,Coordinate with cluster upgrade schedule,Identify clusters eligible for upgrade | Align Pipelines upgrades with cluster lifecycle,Compatibility and support matrix,"release_notes-combined.adoc -> Compatibility and support matrix, lines 109",Addresses multi-cluster deployment scenarios,release_notes-combined.adoc
4,release_notes,Release notes,"When planning to adopt a new Pipelines release, I want to evaluate new Pipelines features and enhancements, so I can identify improvements that benefit my CI/CD workflows.",core,Pipeline developer,Evaluate,main_job,,,Assess impact on existing pipelines | Test new features in non-production,Improve pipeline performance and reliability | Reduce pipeline execution time | Enhance security posture of pipelines,New features and enhancements - Pipelines,"release_notes-combined.adoc -> New features and enhancements - Pipelines, lines 145-198",Main job for feature adoption evaluation,release_notes-combined.adoc
5,release_notes,Release notes,"When using user namespace isolation on OCP 4.20+, I want to configure hostUsers in podTemplate, so I can enable Kubernetes-native security without legacy CRI-O annotations.",core,Pipeline developer,Evaluate,user_story,"When planning to adopt a new Pipelines release, I want to evaluate new Pipelines features and enhancements, so I can identify improvements that benefit my CI/CD workflows.",OpenShift 4.20 or later,Migrate from buildah-ns task,Improve pipeline security through namespace isolation | Simplify security configuration,New features and enhancements - Pipelines,"release_notes-combined.adoc -> New features and enhancements - Pipelines, lines 148-151",Addresses security enhancement for user namespace support,release_notes-combined.adoc
6,release_notes,Release notes,"When fetching pipeline content from HTTP sources, I want to verify content integrity using hash parameters, so I can prevent execution of tampered or unexpected content.",core,Pipeline developer,Evaluate,user_story,"When planning to adopt a new Pipelines release, I want to evaluate new Pipelines features and enhancements, so I can identify improvements that benefit my CI/CD workflows.",,Review security best practices for remote task resolution,Ensure pipeline content integrity | Prevent supply chain attacks | Match security level of git and bundle resolvers,New features and enhancements - Pipelines,"release_notes-combined.adoc -> New features and enhancements - Pipelines, lines 153-156",Security enhancement for HTTP resolver,release_notes-combined.adoc
7,release_notes,Release notes,"When running pipelines that fetch remote resources frequently, I want to enable resolver caching, so I can reduce API calls and avoid rate limit errors.",core,Pipeline developer,Evaluate,user_story,"When planning to adopt a new Pipelines release, I want to evaluate new Pipelines features and enhancements, so I can identify improvements that benefit my CI/CD workflows.",,Configure caching mode appropriate for security requirements | Monitor API usage against rate limits,Prevent pipeline failures from rate limiting | Improve pipeline execution performance | Reduce external API dependency,New features and enhancements - Pipelines,"release_notes-combined.adoc -> New features and enhancements - Pipelines, lines 158-167",Performance and reliability enhancement,release_notes-combined.adoc
8,release_notes,Release notes,"When building complex pipeline logic, I want to use array values in when expressions, so I can implement more flexible conditional execution patterns.",core,Pipeline developer,Evaluate,user_story,"When planning to adopt a new Pipelines release, I want to evaluate new Pipelines features and enhancements, so I can identify improvements that benefit my CI/CD workflows.",,Refactor existing conditional logic,Simplify complex conditional pipeline logic | Reduce pipeline code duplication,New features and enhancements - Pipelines,"release_notes-combined.adoc -> New features and enhancements - Pipelines, lines 169-172",Enhances pipeline expressiveness,release_notes-combined.adoc
9,release_notes,Release notes,"When integrating Pipelines with OpenShift monitoring, I want ServiceMonitor resources to be automatically created, so I can collect metrics without manual configuration.",core,Operator/SRE,Evaluate,user_story,"When planning to adopt a new Pipelines release, I want to evaluate new Pipelines features and enhancements, so I can identify improvements that benefit my CI/CD workflows.",Prometheus Operator installed,Configure alerting rules for pipeline metrics,Simplify monitoring setup | Enable proactive pipeline health monitoring,New features and enhancements - Operator,"release_notes-combined.adoc -> New features and enhancements - Operator, lines 202-205",Operational improvement for monitoring,release_notes-combined.adoc
10,release_notes,Release notes,"When using Pipelines as Code with file-based trigger filtering, I want changed files to be cached per event, so I can reduce VCS API calls and avoid rate limits.",core,Pipeline developer,Evaluate,user_story,"When planning to adopt a new Pipelines release, I want to evaluate new Pipelines features and enhancements, so I can identify improvements that benefit my CI/CD workflows.",,Configure path-based trigger filtering,Prevent API rate limit errors | Improve pipeline trigger performance,New features and enhancements - Pipelines as Code,"release_notes-combined.adoc -> New features and enhancements - Pipelines as Code, lines 210-213",PaC performance and reliability enhancement,release_notes-combined.adoc
11,release_notes,Release notes,"When managing pull requests with Pipelines as Code, I want to use update comment strategy, so I can reduce comment noise and improve repository readability.",core,Pipeline developer,Evaluate,user_story,"When planning to adopt a new Pipelines release, I want to evaluate new Pipelines features and enhancements, so I can identify improvements that benefit my CI/CD workflows.",GitLab or GitHub webhook,Configure comment strategy in Repository CR,Reduce pull request comment clutter | Improve team collaboration experience,New features and enhancements - Pipelines as Code,"release_notes-combined.adoc -> New features and enhancements - Pipelines as Code, lines 216-219",Developer experience improvement,release_notes-combined.adoc
12,release_notes,Release notes,"When committing work-in-progress changes, I want to skip pipeline execution using commit message tags, so I can avoid unnecessary CI runs for incomplete work.",core,Pipeline developer,Evaluate,user_story,"When planning to adopt a new Pipelines release, I want to evaluate new Pipelines features and enhancements, so I can identify improvements that benefit my CI/CD workflows.",,Educate team on skip CI tag usage,Reduce unnecessary pipeline executions | Save compute resources | Improve commit workflow flexibility,New features and enhancements - Pipelines as Code,"release_notes-combined.adoc -> New features and enhancements - Pipelines as Code, lines 221-240",Includes important note about GitLab behavior,release_notes-combined.adoc
13,release_notes,Release notes,"When managing many repositories with private Git submodules, I want to use glob patterns for GitHub App token scoping, so I can grant access to multiple repositories efficiently.",core,Platform administrator,Evaluate,user_story,"When planning to adopt a new Pipelines release, I want to evaluate new Pipelines features and enhancements, so I can identify improvements that benefit my CI/CD workflows.",GitHub App authentication,Review GitHub App permissions,Simplify token scoping configuration | Reduce configuration overhead for multi-repository setups,New features and enhancements - Pipelines as Code,"release_notes-combined.adoc -> New features and enhancements - Pipelines as Code, lines 243-278",Configuration simplification for complex setups,release_notes-combined.adoc
14,release_notes,Release notes,"When using Pipelines as Code with Forgejo or Gitea, I want webhook signature validation to be enforced, so I can prevent unauthorized pipeline executions.",core,Security/Compliance officer,Evaluate,user_story,"When planning to adopt a new Pipelines release, I want to evaluate new Pipelines features and enhancements, so I can identify improvements that benefit my CI/CD workflows.",,Review webhook security configuration,Prevent spoofed webhook requests | Ensure only trusted sources trigger pipelines,New features and enhancements - Pipelines as Code,"release_notes-combined.adoc -> New features and enhancements - Pipelines as Code, lines 281-284",Security enhancement addressing authentication gap,release_notes-combined.adoc
15,release_notes,Release notes,"When creating dynamic pipeline templates, I want to use CEL expressions for complex logic, so I can implement conditional behavior and string manipulation beyond simple variable substitution.",core,Pipeline developer,Evaluate,user_story,"When planning to adopt a new Pipelines release, I want to evaluate new Pipelines features and enhancements, so I can identify improvements that benefit my CI/CD workflows.",,Learn CEL expression syntax,Implement advanced pipeline templating logic | Reduce pipeline code duplication | Handle complex event-driven scenarios,New features and enhancements - Pipelines as Code,"release_notes-combined.adoc -> New features and enhancements - Pipelines as Code, lines 287-297",Enables advanced templating capabilities,release_notes-combined.adoc
16,release_notes,Release notes,"When reviewing pipeline logs in the console, I want ANSI color support, so I can read structured output more easily and identify errors quickly.",consumption,Pipeline developer,Evaluate,user_story,"When planning to adopt a new Pipelines release, I want to evaluate new Pipelines features and enhancements, so I can identify improvements that benefit my CI/CD workflows.",,,Improve log readability | Reduce time to identify issues in logs,New features and enhancements - User interface,"release_notes-combined.adoc -> New features and enhancements - User interface, lines 307-310",Developer experience improvement,release_notes-combined.adoc
17,release_notes,Release notes,"When exploring Technology Preview features, I want to understand multi-cluster capabilities, so I can assess readiness for distributed pipeline architectures.",core,Platform administrator,Evaluate,main_job,,,Review production readiness criteria | Plan proof-of-concept testing,Understand multi-cluster architecture options | Assess benefits and risks of Technology Preview features | Plan for future production adoption,Technology Preview features - Multi-cluster,"release_notes-combined.adoc -> Technology Preview features, lines 313-357",Main job for evaluating experimental features,release_notes-combined.adoc
18,release_notes,Release notes,"When architecting multi-cluster pipeline deployments, I want to configure Hub and Spoke roles in TektonConfig, so I can centralize pipeline management across clusters.",core,Platform administrator,Evaluate,user_story,"When exploring Technology Preview features, I want to understand multi-cluster capabilities, so I can assess readiness for distributed pipeline architectures.",Understanding of multi-cluster architecture patterns,Configure Results for centralized logging | Plan network connectivity between clusters,Centralize pipeline visibility and control | Scale pipeline execution across multiple clusters,Technology Preview features - Multi-cluster,"release_notes-combined.adoc -> Technology Preview features - Multi-cluster, lines 320-337",Technology Preview - not for production,release_notes-combined.adoc
19,release_notes,Release notes,"When using Pipelines in Hub mode, I want Results components to scale automatically, so I can optimize resource usage based on multi-cluster role.",core,Platform administrator,Evaluate,user_story,"When exploring Technology Preview features, I want to understand multi-cluster capabilities, so I can assess readiness for distributed pipeline architectures.",Multi-cluster Hub configuration,,Reduce resource consumption on Hub cluster | Maintain proper Results functionality on Spoke clusters,Technology Preview features - Multi-cluster,"release_notes-combined.adoc -> Technology Preview features - Multi-cluster, lines 339-342",Resource optimization for multi-cluster,release_notes-combined.adoc
20,release_notes,Release notes,"When managing pipeline resource allocation, I want to integrate Tekton Scheduler with Kueue, so I can implement advanced queuing and resource management policies.",core,Platform administrator,Evaluate,user_story,"When exploring Technology Preview features, I want to understand multi-cluster capabilities, so I can assess readiness for distributed pipeline architectures.",Kueue installed,Configure queue policies | Define resource quotas,Implement fair-share resource allocation | Prevent pipeline resource starvation | Support multi-tenant pipeline environments,Technology Preview features - Multi-cluster,"release_notes-combined.adoc -> Technology Preview features - Multi-cluster, lines 344-351",Requires upstream Kueue component,release_notes-combined.adoc
21,release_notes,Release notes,"When planning an upgrade, I want to identify breaking changes, so I can prepare migration steps and avoid disruption to existing pipelines.",core,Platform administrator,Plan,main_job,,,Review deprecated features | Test upgrade in non-production | Communicate changes to development teams,Prevent pipeline failures after upgrade | Minimize downtime during upgrade | Plan necessary configuration changes,Breaking changes,"release_notes-combined.adoc -> Breaking changes, lines 359-368",Critical for upgrade planning,release_notes-combined.adoc
22,release_notes,Release notes,"When upgrading to Pipelines 1.22, I want to ensure the console plugin is enabled, so I can maintain access to the Pipelines UI in OpenShift console.",core,Platform administrator,Upgrade,user_story,"When planning an upgrade, I want to identify breaking changes, so I can prepare migration steps and avoid disruption to existing pipelines.",,Verify console plugin configuration,Maintain Pipelines console navigation | Avoid user confusion from missing UI elements,Breaking changes - User interface,"release_notes-combined.adoc -> Breaking changes - User interface, lines 363-368",Requires explicit action to enable plugin,release_notes-combined.adoc
23,release_notes,Release notes,"When assessing release risks, I want to review known issues and workarounds, so I can determine if issues affect my use cases and plan mitigation.",core,Platform administrator,Troubleshoot,main_job,,,Subscribe to issue tracker for updates | Test affected scenarios in staging,Understand risks before upgrading | Prepare workarounds for known issues | Make informed go/no-go upgrade decision,Known issues,"release_notes-combined.adoc -> Known issues, lines 370-399",Main job for risk assessment,release_notes-combined.adoc
24,release_notes,Release notes,"When using buildah-ns task on OCP 4.20 or later, I want to migrate to the standard buildah task with hostUsers configuration, so I can avoid task failures from deprecated user namespace mechanisms.",core,Pipeline developer,Troubleshoot,user_story,"When assessing release risks, I want to review known issues and workarounds, so I can determine if issues affect my use cases and plan mitigation.",OpenShift 4.20 or later,Update affected pipeline definitions,Prevent buildah-ns task failures | Migrate to supported user namespace approach,Known issues - buildah-ns on OCP 4.20+,"release_notes-combined.adoc -> Known issues - buildah-ns, lines 373-378",Critical for OCP 4.20+ users,release_notes-combined.adoc
25,release_notes,Release notes,"When operating in multicluster environments, I want to understand tkn CLI limitations, so I can choose appropriate tools for pipeline management across Hub and Spoke clusters.",core,Operator/SRE,Troubleshoot,user_story,"When assessing release risks, I want to review known issues and workarounds, so I can determine if issues affect my use cases and plan mitigation.",Multi-cluster deployment,Identify alternative tools for multicluster management,Avoid relying on unsupported commands | Plan operational workflows for multicluster,Known issues - tkn CLI multicluster,"release_notes-combined.adoc -> Known issues - tkn CLI multicluster, lines 380-392",Affects multiple tkn commands in multicluster setup,release_notes-combined.adoc
26,release_notes,Release notes,"When retrieving pipeline logs via CLI, I want to use the correct opc results command, so I can view complete logs beyond 300 line limit.",core,Operator/SRE,Troubleshoot,user_story,"When assessing release risks, I want to review known issues and workarounds, so I can determine if issues affect my use cases and plan mitigation.",,,Access complete log output | Avoid truncated logs during troubleshooting,Known issues - opc results logs,"release_notes-combined.adoc -> Known issues - opc results logs, lines 394-399",Workaround available using alternative commands,release_notes-combined.adoc
27,release_notes,Release notes,"When evaluating an upgrade, I want to review fixed issues, so I can determine if the release resolves problems affecting my pipelines.",core,Platform administrator,Evaluate,main_job,,,Cross-reference with internal issue tracker | Validate fixes in test environment,Confirm known problems are resolved | Identify fixes that improve pipeline reliability | Justify upgrade to stakeholders,Fixed issues,"release_notes-combined.adoc -> Fixed issues, lines 401-591",Main job for understanding release improvements,release_notes-combined.adoc
28,release_notes,Release notes,"When using workspaces with Affinity Assistant in restricted environments, I want the fix for service account inheritance, so I can avoid PipelineRun blockages from SCC permission issues.",core,Pipeline developer,Evaluate,user_story,"When evaluating an upgrade, I want to review fixed issues, so I can determine if the release resolves problems affecting my pipelines.",,,Enable workspace usage in security-restricted environments | Eliminate need for manual SCC configuration,Fixed issues - Pipelines,"release_notes-combined.adoc -> Fixed issues - Affinity Assistant, lines 406-409",Critical fix for restricted security contexts,release_notes-combined.adoc
29,release_notes,Release notes,"When troubleshooting failed TaskRuns, I want to receive clear error messages for pod configuration issues, so I can quickly identify and fix misconfigurations.",core,Pipeline developer,Evaluate,user_story,"When evaluating an upgrade, I want to review fixed issues, so I can determine if the release resolves problems affecting my pipelines.",,,Reduce time to diagnose failures | Avoid waiting for timeout periods | Improve debugging experience,Fixed issues - Pipelines,"release_notes-combined.adoc -> Fixed issues - TaskRun error messages, lines 411-414",Improves developer troubleshooting experience,release_notes-combined.adoc
30,release_notes,Release notes,"When running pipelines without explicit timeouts, I want to benefit from the reconciliation fix, so I can avoid controller performance degradation and cluster instability.",core,Platform administrator,Evaluate,user_story,"When evaluating an upgrade, I want to review fixed issues, so I can determine if the release resolves problems affecting my pipelines.",,,Improve controller performance | Reduce cluster resource consumption | Enhance scalability,Fixed issues - Pipelines,"release_notes-combined.adoc -> Fixed issues - reconciliation, lines 416-419",Performance and scalability fix,release_notes-combined.adoc
31,release_notes,Release notes,"When using parameter defaults that reference other parameters, I want to benefit from the resolution fix, so I can implement flexible fallback patterns in pipelines.",core,Pipeline developer,Evaluate,user_story,"When evaluating an upgrade, I want to review fixed issues, so I can determine if the release resolves problems affecting my pipelines.",,,Enable parameter reference chains | Simplify pipeline configuration | Reduce code duplication,Fixed issues - Pipelines,"release_notes-combined.adoc -> Fixed issues - parameter defaults, lines 421-424",Enables previously broken parameter patterns,release_notes-combined.adoc
32,release_notes,Release notes,"When uninstalling the Pipelines Operator, I want webhooks to be cleaned up automatically, so I can avoid leftover resources on the cluster.",core,Platform administrator,Evaluate,user_story,"When evaluating an upgrade, I want to review fixed issues, so I can determine if the release resolves problems affecting my pipelines.",,,Ensure complete cleanup on uninstall | Prevent resource leaks,Fixed issues - Operator,"release_notes-combined.adoc -> Fixed issues - webhook cleanup, lines 459-462",Addresses cleanup completeness,release_notes-combined.adoc
33,release_notes,Release notes,"When installing Pipelines Operator in a custom namespace, I want Prometheus metrics collection to work correctly, so I can monitor operator health without permission errors.",core,Platform administrator,Evaluate,user_story,"When evaluating an upgrade, I want to review fixed issues, so I can determine if the release resolves problems affecting my pipelines.",,,Enable monitoring in custom namespace installations | Eliminate PrometheusKubernetesListWatchFailures alerts,Fixed issues - Operator,"release_notes-combined.adoc -> Fixed issues - Prometheus metrics, lines 464-467",Fixes monitoring for non-default namespace deployments,release_notes-combined.adoc
34,release_notes,Release notes,"When using custom Repository parameters in CEL expressions, I want them to be recognized correctly, so I can implement repository-specific event filtering.",core,Pipeline developer,Evaluate,user_story,"When evaluating an upgrade, I want to review fixed issues, so I can determine if the release resolves problems affecting my pipelines.",,,Enable custom parameter usage in CEL | Eliminate undeclared reference errors | Support repository-specific logic,Fixed issues - Pipelines as Code,"release_notes-combined.adoc -> Fixed issues - CEL parameters, lines 473-508",Enables previously broken CEL functionality,release_notes-combined.adoc
35,release_notes,Release notes,"When using GitLab with skip ci directives, I want commit messages containing [skip ci] to be honored, so I can avoid unnecessary pipeline executions.",core,Pipeline developer,Evaluate,user_story,"When evaluating an upgrade, I want to review fixed issues, so I can determine if the release resolves problems affecting my pipelines.",,,Reduce unnecessary pipeline runs | Save compute resources,Fixed issues - Pipelines as Code,"release_notes-combined.adoc -> Fixed issues - GitLab skip ci, lines 511-514",Fixes GitLab-specific skip directive handling,release_notes-combined.adoc
36,release_notes,Release notes,"When using versioned custom hub catalogs, I want to avoid invalid port errors, so I can successfully resolve tasks from custom catalogs with version specifiers.",core,Pipeline developer,Evaluate,user_story,"When evaluating an upgrade, I want to review fixed issues, so I can determine if the release resolves problems affecting my pipelines.",,,Enable custom catalog references with versions | Fix task resolution failures,Fixed issues - Pipelines as Code,"release_notes-combined.adoc -> Fixed issues - custom hub URLs, lines 516-519",Fixes URL parsing for non-HTTP schemes,release_notes-combined.adoc
37,release_notes,Release notes,"When using the tkn pac cel command, I want clear error messages for missing required flags, so I can quickly correct command invocation.",consumption,Pipeline developer,Evaluate,user_story,"When evaluating an upgrade, I want to review fixed issues, so I can determine if the release resolves problems affecting my pipelines.",,,Improve CLI usability | Reduce confusion from misleading errors,Fixed issues - Pipelines as Code,"release_notes-combined.adoc -> Fixed issues - tkn pac cel, lines 521-524",CLI user experience improvement,release_notes-combined.adoc
38,release_notes,Release notes,"When using GitHub merge commit strategy, I want pull_request_number to be reliably populated, so I can avoid intermittent failures in downstream tasks.",core,Pipeline developer,Evaluate,user_story,"When evaluating an upgrade, I want to review fixed issues, so I can determine if the release resolves problems affecting my pipelines.",,,Ensure reliable variable population | Eliminate intermittent pipeline failures,Fixed issues - Pipelines as Code,"release_notes-combined.adoc -> Fixed issues - pull_request_number, lines 526-529",Addresses timing issue with GitHub API,release_notes-combined.adoc
39,release_notes,Release notes,"When using path-based filtering for GitLab push events, I want all modified files to be evaluated, so I can ensure pipelines trigger correctly regardless of number of changed files.",core,Pipeline developer,Evaluate,user_story,"When evaluating an upgrade, I want to review fixed issues, so I can determine if the release resolves problems affecting my pipelines.",,,Ensure complete file evaluation | Prevent missed pipeline triggers,Fixed issues - Pipelines as Code,"release_notes-combined.adoc -> Fixed issues - GitLab file pagination, lines 531-534",Fixes pagination limitation for GitLab,release_notes-combined.adoc
40,release_notes,Release notes,"When monitoring GitLab merge requests, I want commit statuses to correctly reflect pipeline state, so I can accurately track pipeline progress in GitLab UI.",core,Pipeline developer,Evaluate,user_story,"When evaluating an upgrade, I want to review fixed issues, so I can determine if the release resolves problems affecting my pipelines.",,,Improve GitLab status accuracy | Reduce developer confusion,Fixed issues - Pipelines as Code,"release_notes-combined.adoc -> Fixed issues - GitLab statuses, lines 536-539",Fixes status mapping for GitLab,release_notes-combined.adoc
41,release_notes,Release notes,"When using remember-ok-to-test=false, I want permissions to be re-evaluated per commit, so I can prevent unauthorized code execution in CI.",core,Security/Compliance officer,Evaluate,user_story,"When evaluating an upgrade, I want to review fixed issues, so I can determine if the release resolves problems affecting my pipelines.",,,Enforce proper authorization checks | Prevent security bypass,Fixed issues - Pipelines as Code,"release_notes-combined.adoc -> Fixed issues - ok-to-test, lines 551-554",Security fix for authorization bypass,release_notes-combined.adoc
42,release_notes,Release notes,"When triggering multiple pipeline runs from Bitbucket Cloud push events, I want individual status for each run, so I can identify which specific pipelines succeeded or failed.",core,Pipeline developer,Evaluate,user_story,"When evaluating an upgrade, I want to review fixed issues, so I can determine if the release resolves problems affecting my pipelines.",,,View all pipeline run statuses in Bitbucket | Improve pipeline debugging,Fixed issues - Pipelines as Code,"release_notes-combined.adoc -> Fixed issues - Bitbucket statuses, lines 562-565",Fixes status overwrite issue for Bitbucket,release_notes-combined.adoc
43,release_notes,Release notes,"When using CEL expressions to filter on pull request labels, I want expressions to evaluate correctly during labeling events, so I can trigger pipelines based on label conditions.",core,Pipeline developer,Evaluate,user_story,"When evaluating an upgrade, I want to review fixed issues, so I can determine if the release resolves problems affecting my pipelines.",,,Enable label-based pipeline triggering | Implement approval workflows via labels,Fixed issues - Pipelines as Code,"release_notes-combined.adoc -> Fixed issues - CEL label events, lines 568-571",Fixes CEL evaluation for label events,release_notes-combined.adoc
44,release_notes,Release notes,"When deleting or canceling running PipelineRuns, I want Git provider status to be updated to canceled, so I can avoid stuck pending statuses in the Git provider UI.",core,Pipeline developer,Evaluate,user_story,"When evaluating an upgrade, I want to review fixed issues, so I can determine if the release resolves problems affecting my pipelines.",,,Ensure accurate status in Git provider | Improve status tracking accuracy,Fixed issues - Pipelines as Code,"release_notes-combined.adoc -> Fixed issues - deleted PipelineRun status, lines 573-576",Fixes status update on PipelineRun deletion,release_notes-combined.adoc
45,release_notes,Release notes,"When viewing pipeline logs in the console, I want whitespace and formatting to be preserved, so I can read structured and tabular log output correctly.",consumption,Pipeline developer,Evaluate,user_story,"When evaluating an upgrade, I want to review fixed issues, so I can determine if the release resolves problems affecting my pipelines.",,,Improve log readability | Preserve structured output formatting,Fixed issues - User interface,"release_notes-combined.adoc -> Fixed issues - log formatting, lines 582-585",UI improvement for log viewing,release_notes-combined.adoc
46,release_notes,Release notes,"When using Pipeline Builder in the console, I want TaskSidebar to display correctly, so I can access task configuration without UI obstruction.",consumption,Pipeline developer,Evaluate,user_story,"When evaluating an upgrade, I want to review fixed issues, so I can determine if the release resolves problems affecting my pipelines.",,,Fix Pipeline Builder usability | Enable proper task configuration,Fixed issues - User interface,"release_notes-combined.adoc -> Fixed issues - TaskSidebar, lines 587-590",UI fix for Pipeline Builder,release_notes-combined.adoc
47,release_notes,Release notes,"When planning for future upgrades, I want to understand deprecated features, so I can plan migration away from features scheduled for removal.",core,Platform administrator,Plan,main_job,,,Inventory usage of deprecated features | Schedule migration work,Avoid breaking changes in future releases | Plan orderly migration timeline | Communicate deprecations to development teams,Deprecated features,"release_notes-combined.adoc -> Deprecated features, lines 594-605",Main job for deprecation awareness,release_notes-combined.adoc
48,release_notes,Release notes,"When using openshift-pipelines-client RPM, I want to plan migration to alternative distribution methods, so I can prepare for potential removal in Pipelines 1.23.",core,Platform administrator,Plan,user_story,"When planning for future upgrades, I want to understand deprecated features, so I can plan migration away from features scheduled for removal.",,Identify alternative CLI distribution methods,Ensure continued CLI availability | Minimize disruption to user workflows,Deprecated features,"release_notes-combined.adoc -> Deprecated features - RPM, lines 597-600",May be removed in next release,release_notes-combined.adoc
49,release_notes,Release notes,"When using pipelinerun_status field in Repository CR, I want to plan migration to alternative approaches, so I can prepare for potential removal in Pipelines 1.23.",core,Pipeline developer,Plan,user_story,"When planning for future upgrades, I want to understand deprecated features, so I can plan migration away from features scheduled for removal.",,Identify replacement approaches for pipelinerun_status,Update Repository CR configurations | Maintain pipeline status visibility,Deprecated features,"release_notes-combined.adoc -> Deprecated features - pipelinerun_status, lines 602-605",May be removed in next release,release_notes-combined.adoc
50,release_notes,Release notes,"When upgrading from previous releases, I want to understand removed features, so I can identify and remediate breaking configuration changes.",core,Platform administrator,Upgrade,main_job,,,Audit existing configurations for removed features | Test upgrade in non-production,Prevent configuration errors after upgrade | Successfully migrate away from removed features,Removed features,"release_notes-combined.adoc -> Removed features, lines 607-619",Critical for upgrade execution,release_notes-combined.adoc
51,release_notes,Release notes,"When using disable-affinity-assistant field, I want to migrate to coschedule feature flag, so I can maintain affinity assistant control after upgrade.",core,Platform administrator,Upgrade,user_story,"When upgrading from previous releases, I want to understand removed features, so I can identify and remediate breaking configuration changes.",,Update TektonConfig CR,Maintain affinity assistant configuration | Avoid post-upgrade failures,Removed features,"release_notes-combined.adoc -> Removed features - disable-affinity-assistant, lines 610-613",Requires configuration change,release_notes-combined.adoc
52,release_notes,Release notes,"When migrating from public Tekton Hub catalog, I want to deploy self-hosted Tekton Hub instances, so I can maintain task catalog functionality after hub.tekton.dev removal.",core,Platform administrator,Upgrade,user_story,"When upgrading from previous releases, I want to understand removed features, so I can identify and remediate breaking configuration changes.",,Evaluate alternative task catalogs | Plan Hub instance deployment,Maintain task catalog availability | Support developers' catalog requirements,Removed features,"release_notes-combined.adoc -> Removed features - public Tekton Hub, lines 615-618",Requires alternative catalog solution,release_notes-combined.adoc
53,about,About OpenShift Pipelines,"When evaluating CI/CD solutions for Kubernetes-based applications, I want to understand what OpenShift Pipelines is and its cloud-native approach, so I can determine if it fits my automation needs.",core,Platform engineer,Get Started,main_job,,,Understand OpenShift Pipelines concepts | Understand key features,Minimize time to evaluate CI/CD options | Ensure the solution is cloud-native and Kubernetes-compatible | Reduce uncertainty about portability across Kubernetes distributions,About OpenShift Pipelines,"about-combined.adoc -> About OpenShift Pipelines, lines 58-79",Entry-level main job covering initial understanding of the product. This is the 'what is it' question for platform evaluators.,about-combined.adoc
54,about,About OpenShift Pipelines,"When evaluating OpenShift Pipelines capabilities, I want to understand its key features including serverless execution, decentralization support, and OpenShift integration, so I can assess whether it meets my architectural requirements.",core,Platform engineer,Get Started,user_story,"When evaluating CI/CD solutions for Kubernetes-based applications, I want to understand what OpenShift Pipelines is and its cloud-native approach, so I can determine if it fits my automation needs.",,Understand OpenShift Pipelines concepts,Ensure the solution supports microservice architectures | Minimize infrastructure overhead with serverless execution | Reduce vendor lock-in with standard pipeline definitions | Ensure integration with existing OpenShift tools,Key features,"about-combined.adoc -> Key features, lines 103-114",User story focused on understanding feature set. Supports platform engineer persona evaluating the product.,about-combined.adoc
55,about,About OpenShift Pipelines,"When learning about OpenShift Pipelines, I want to understand the core concepts including tasks, pipelines, workspaces, triggers, and their relationships, so I can design effective CI/CD workflows.",core,DevOps engineer,Get Started,main_job,,Understand what OpenShift Pipelines is,Understand tasks | Understand pipelines | Understand workspaces | Understand triggers,Minimize time to become productive with OpenShift Pipelines | Ensure I understand the building blocks before creating workflows | Reduce errors from misunderstanding core concepts,OpenShift Pipelines concepts,"about-combined.adoc -> OpenShift Pipelines concepts, lines 124-129",Main job covering conceptual understanding needed to work effectively with the platform. This is the foundation for all other work.,about-combined.adoc
56,about,About OpenShift Pipelines,"When designing CI/CD workflows, I want to understand how Tasks define reusable units of work with sequentially executed steps, so I can create modular and maintainable pipeline components.",core,DevOps engineer,Get Started,user_story,"When learning about OpenShift Pipelines, I want to understand the core concepts including tasks, pipelines, workspaces, triggers, and their relationships, so I can design effective CI/CD workflows.",,Understand pipelines | Understand task runs,Ensure tasks are reusable across multiple pipelines | Minimize duplication of pipeline logic | Understand how steps execute within pods and containers,Tasks,"about-combined.adoc -> Tasks, lines 139-205",User story focused on understanding the Task resource as a building block. Includes concrete example with apply-manifests task.,about-combined.adoc
57,about,About OpenShift Pipelines,"When designing conditional pipeline logic, I want to understand how when expressions control task execution based on criteria, so I can implement branching and guarding in my workflows.",core,DevOps engineer,Get Started,user_story,"When learning about OpenShift Pipelines, I want to understand the core concepts including tasks, pipelines, workspaces, triggers, and their relationships, so I can design effective CI/CD workflows.",Understand tasks,Understand finally tasks | Understand task runs,Minimize unnecessary task execution by implementing guards | Ensure I can control pipeline flow based on dynamic conditions | Reduce pipeline execution time by skipping irrelevant tasks,When expression,"about-combined.adoc -> When expression, lines 214-376",User story focused on conditional execution patterns. Important for implementing intelligent pipeline flows.,about-combined.adoc
58,about,About OpenShift Pipelines,"When implementing pipeline cleanup and post-execution actions, I want to understand how finally tasks always run regardless of pipeline success or failure, so I can ensure cleanup and notification actions occur consistently.",core,DevOps engineer,Get Started,user_story,"When learning about OpenShift Pipelines, I want to understand the core concepts including tasks, pipelines, workspaces, triggers, and their relationships, so I can design effective CI/CD workflows.",Understand tasks,Understand when expressions,Ensure cleanup happens regardless of pipeline outcome | Minimize resource leaks from failed pipelines | Reduce manual intervention for post-pipeline actions,Finally tasks,"about-combined.adoc -> Finally tasks, lines 385-456",User story focused on understanding pipeline cleanup patterns. Critical for resource management and notifications.,about-combined.adoc
59,about,About OpenShift Pipelines,"When learning about pipeline execution, I want to understand how TaskRun resources instantiate tasks with specific inputs and parameters, so I can execute individual tasks or debug pipeline runs.",core,DevOps engineer,Get Started,user_story,"When learning about OpenShift Pipelines, I want to understand the core concepts including tasks, pipelines, workspaces, triggers, and their relationships, so I can design effective CI/CD workflows.",Understand tasks,Understand pipeline runs | Understand workspaces,Ensure I can run tasks independently for testing | Minimize debugging time by understanding task execution | Understand how PipelineRun creates TaskRun instances,Task run,"about-combined.adoc -> Task run, lines 465-505",User story focused on understanding task execution and instantiation. Important for debugging and testing individual tasks.,about-combined.adoc
60,about,About OpenShift Pipelines,"When designing complex CI/CD workflows, I want to understand how Pipelines orchestrate multiple tasks in specific execution order with shared resources, so I can automate build, deployment, and delivery processes.",core,DevOps engineer,Get Started,user_story,"When learning about OpenShift Pipelines, I want to understand the core concepts including tasks, pipelines, workspaces, triggers, and their relationships, so I can design effective CI/CD workflows.",Understand tasks,Understand pipeline runs | Understand workspaces | Understand task runs,Ensure I can orchestrate multiple tasks in sequence or parallel | Minimize complexity by understanding pipeline structure | Understand how to define task dependencies with runAfter,Pipelines,"about-combined.adoc -> Pipelines, lines 514-639",User story focused on understanding pipeline orchestration. Central concept for building complete CI/CD workflows. Includes concrete build-and-deploy example.,about-combined.adoc
61,about,About OpenShift Pipelines,"When executing CI/CD workflows, I want to understand how PipelineRun resources bind pipelines to workspaces, parameters, and credentials for specific scenarios, so I can trigger pipeline execution with appropriate context.",core,DevOps engineer,Get Started,user_story,"When learning about OpenShift Pipelines, I want to understand the core concepts including tasks, pipelines, workspaces, triggers, and their relationships, so I can design effective CI/CD workflows.",Understand pipelines,Understand workspaces | Understand task runs,Ensure I can execute pipelines with scenario-specific parameters | Minimize errors by understanding how to bind workspaces correctly | Understand how status tracking works for monitoring,Pipeline run,"about-combined.adoc -> Pipeline run, lines 648-699",User story focused on understanding pipeline instantiation and execution. Critical for running actual workflows.,about-combined.adoc
62,about,About OpenShift Pipelines,"When configuring pipeline execution environments, I want to understand how pod templates let me set security contexts, user IDs, and pod parameters for task execution, so I can ensure pipelines run with appropriate security and resource settings.",core,Platform engineer,Get Started,user_story,"When learning about OpenShift Pipelines, I want to understand the core concepts including tasks, pipelines, workspaces, triggers, and their relationships, so I can design effective CI/CD workflows.",Understand pipeline runs | Understand task runs,,Ensure pipelines run as non-root users for security | Minimize security vulnerabilities by controlling pod parameters | Reduce inconsistencies across pipeline and task runs,Pod templates,"about-combined.adoc -> Pod templates, lines 714-767",User story focused on understanding pod-level configuration. Important for security and infrastructure control.,about-combined.adoc
63,about,About OpenShift Pipelines,"When designing tasks and pipelines that share data, I want to understand how workspaces declare filesystem requirements at runtime without specifying storage implementation, so I can create flexible and reusable pipeline components.",core,DevOps engineer,Get Started,user_story,"When learning about OpenShift Pipelines, I want to understand the core concepts including tasks, pipelines, workspaces, triggers, and their relationships, so I can design effective CI/CD workflows.",Understand tasks | Understand pipelines,Understand pipeline runs | Understand task runs,Ensure tasks can share data without tight coupling to storage | Minimize task rewrites when storage changes | Reduce complexity by separating volume declaration from runtime storage | Ensure tasks are reusable across different environments,Workspaces,"about-combined.adoc -> Workspaces, lines 781-899",User story focused on understanding workspace abstraction. Critical for data sharing and task reusability. Replaces deprecated PipelineResource.,about-combined.adoc
64,about,About OpenShift Pipelines,"When creating reusable pipeline logic, I want to understand how StepAction resources define shareable actions that steps can reference, so I can avoid duplicating step definitions across multiple tasks.",core,DevOps engineer,Get Started,user_story,"When learning about OpenShift Pipelines, I want to understand the core concepts including tasks, pipelines, workspaces, triggers, and their relationships, so I can design effective CI/CD workflows.",Understand tasks,,Minimize duplication by sharing step actions across tasks | Ensure I can reference actions from external sources using resolvers | Reduce maintenance burden by centralizing common actions,Step actions,"about-combined.adoc -> Step actions, lines 909-988",User story focused on understanding step-level reusability. Newer concept for sharing logic at finer granularity than tasks.,about-combined.adoc
65,about,About OpenShift Pipelines,"When implementing automated CI/CD workflows, I want to understand how Triggers capture external events and automatically instantiate pipeline runs, so I can create event-driven automation for my applications.",core,DevOps engineer,Get Started,main_job,,Understand pipelines | Understand pipeline runs,Understand TriggerBinding | Understand TriggerTemplate | Understand EventListener,Minimize manual intervention by automating pipeline execution | Ensure pipelines start automatically on repository changes | Reduce time between code commit and deployment | Understand how to extract event data and create pipeline runs,Triggers,"about-combined.adoc -> Triggers, lines 1002-1190","Main job covering event-driven automation. Separate from core concepts because it represents a complete automation workflow pattern. Includes TriggerBinding, TriggerTemplate, Trigger, and EventListener components.",about-combined.adoc
66,install_config,Installing and configuring,"When deploying CI/CD infrastructure, I want to install the OpenShift Pipelines Operator through the web console, so I can enable pipeline functionality across my cluster with minimal setup complexity.",consumption,Cluster administrator,Get Started,main_job,,,Configure TektonConfig profiles | Verify Operator installation | Install in restricted environment,Minimize installation time | Ensure all components are ready automatically | Avoid manual configuration errors | Enable automatic upgrades,Installing the Red Hat OpenShift Pipelines Operator in web console,"install_config-combined.adoc -> Installing the Red Hat OpenShift Pipelines Operator in web console, lines 74-183",Main installation job covering Operator deployment via UI. Includes automatic TektonConfig CR installation with profile selection (Lite/Basic/All).,install_config
67,install_config,Installing and configuring,"As a Cluster administrator, when I prefer graphical interfaces for cluster management, I want to install the Pipelines Operator using OperatorHub in the web console, so I can visually configure installation options and approval strategies.",consumption,Cluster administrator,Get Started,user_story,Install the OpenShift Pipelines Operator through the web console,,Select update channel | Choose approval strategy,Complete installation without CLI expertise | Ensure visibility into installation progress | Minimize risk of misconfiguration,Installing the Red Hat OpenShift Pipelines Operator in web console,"install_config-combined.adoc -> Installing the Red Hat OpenShift Pipelines Operator in web console, lines 105-132","UI-based installation path. Alternative to CLI method. Covers namespace selection (all namespaces), approval strategy (Automatic/Manual), and update channel selection.",install_config
68,install_config,Installing and configuring,"As a Cluster administrator, when managing multiple OpenShift versions, I want to select the appropriate update channel for the Pipelines Operator, so I can control which version is installed and when upgrades occur.",consumption,Cluster administrator,Configure,user_story,Install the OpenShift Pipelines Operator through the web console,,Configure automatic approval strategy,Ensure version compatibility with cluster version | Avoid unintended upgrades | Maintain control over upgrade timing,Installing the Red Hat OpenShift Pipelines Operator in web console,"install_config-combined.adoc -> Installing the Red Hat OpenShift Pipelines Operator in web console, lines 117-125","Channel selection determines version: 'latest' for most recent stable, 'pipelines-<version>' for specific versions. Preview/stable channels deprecated after OCP 4.10.",install_config
69,install_config,Installing and configuring,"When the Operator installation completes, I want to verify that all Tekton components are ready and functional, so I can confirm the installation succeeded before creating pipelines.",consumption,Cluster administrator,Get Started,main_job,,Install the OpenShift Pipelines Operator,Check component versions | Troubleshoot installation issues,Minimize time to validate installation | Ensure all components are ready before use | Detect installation failures early,Installing the Red Hat OpenShift Pipelines Operator in web console,"install_config-combined.adoc -> Installing the Red Hat OpenShift Pipelines Operator in web console, lines 134-182","Verification job using CLI commands 'oc get tektonconfig config' and 'oc get tektonpipeline,tektontrigger,tektonchain,tektonaddon,pac'. Web console status may show 'Succeeded Up to date' even if components still installing.",install_config
70,install_config,Installing and configuring,"As a Platform engineer, when managing infrastructure as code, I want to install the Pipelines Operator using the CLI with YAML manifests, so I can programmatically deploy pipelines capability and version-control my configuration.",consumption,Platform engineer,Get Started,user_story,Install the OpenShift Pipelines Operator through the web console,,Create Subscription YAML | Configure update channel programmatically,Enable automated installation via CI/CD | Ensure reproducible installations across clusters | Reduce manual installation steps,Installing the Red Hat OpenShift Pipelines Operator by using the CLI,"install_config-combined.adoc -> Installing the Red Hat OpenShift Pipelines Operator by using the CLI, lines 188-235",CLI-based installation alternative. Creates Subscription object in openshift-operators namespace. Operator automatically installs TektonConfig to openshift-pipelines namespace.,install_config
71,install_config,Installing and configuring,"When operating in a disconnected or air-gapped network environment, I want the Pipelines Operator to automatically configure proxy settings for pipeline components, so I can run pipelines without manual proxy configuration.",consumption,Cluster administrator,Configure,main_job,,Install the OpenShift Pipelines Operator | Configure cluster proxy object,Mirror images to restricted environment | Disable proxy for specific namespaces,Minimize manual proxy configuration | Ensure pipeline containers can access required resources | Avoid proxy-related pipeline failures,Red Hat OpenShift Pipelines Operator in a restricted environment,"install_config-combined.adoc -> Red Hat OpenShift Pipelines Operator in a restricted environment, lines 240-256",Operator installs proxy webhook that sets environment variables based on cluster proxy object. Proxy disabled by default for openshift-pipelines namespace. Can disable for other namespaces using label 'operator.tekton.dev/disable-proxy: true'.,install_config
72,install_config,Installing and configuring,"When I need to fully remove OpenShift Pipelines from my cluster, I want to cleanly uninstall all components and custom resources, so I can ensure no residual configuration or resources remain that could interfere with future installations or cluster operations.",consumption,Cluster administrator,Conclude,main_job,,Have cluster administrator permissions | Understand that uninstallation will delete all pipelines and tasks,Back up existing pipelines before uninstallation | Reinstall OpenShift Pipelines if needed,Minimize time required to completely remove all Pipelines components | Ensure no orphaned resources remain after uninstallation | Reduce likelihood of conflicts during future reinstallation | Prevent accidental deletion of important pipeline resources,Uninstalling OpenShift Pipelines,"install_config-combined.adoc, lines 335-393: Assembly abstract states 'Cluster administrators can uninstall the Pipelines Operator by performing the following steps: Delete the Custom Resources (CRs) for the optional components, TektonHub and TektonResult, if these CRs exist, and then delete the TektonConfig CR. Uninstall the Pipelines Operator. Delete the Custom Resource Definitions (CRDs) of the operator.tekton.dev group.'",Main decommissioning job for the entire Pipelines lifecycle. Requires careful sequencing to avoid orphaned components. Documentation emphasizes the importance of CR deletion before operator removal.,install_config-combined.adoc
73,install_config,Installing and configuring,"As a Cluster administrator, when I need to prepare for Pipelines Operator uninstallation, I want to delete custom resources in the correct order (TektonHub, TektonResult, then TektonConfig), so I can avoid orphaning optional components that cannot be removed later.",consumption,Cluster administrator,Conclude,user_story,"When I need to fully remove OpenShift Pipelines from my cluster, I want to cleanly uninstall all components and custom resources, so I can ensure no residual configuration or resources remain that could interfere with future installations or cluster operations.",Have cluster administrator access to web console | Understand which optional components are installed,Verify no critical pipelines are running | Export pipeline definitions if needed for backup,Ensure optional components are fully removed before operator deletion | Minimize risk of leaving orphaned TektonHub or TektonResult instances | Complete CR deletion with correct sequencing in minimal time,Deleting the OpenShift Pipelines custom resources,"install_config-combined.adoc, lines 361-392: Procedure states 'You can remove the Pipelines custom resources (CRs) to clean up the configuration before uninstalling the Operator. This involves deleting optional components such as TektonHub and TektonResult, followed by the main TektonConfig CR.' Lines 384-392 include CAUTION: 'Deleting the CRs also deletes the Pipelines components and all the tasks and pipelines on the cluster.' and IMPORTANT: 'If you uninstall the Operator without removing the TektonHub and TektonResult CRs, you cannot remove the Tekton Hub and Tekton Results components later.'",Web console approach for CR deletion. Critical sequencing requirement. Documentation provides strong warnings about consequences of skipping this step.,install_config-combined.adoc
74,install_config,Installing and configuring,"As a Cluster administrator, when I have deleted all custom resources, I want to uninstall the Pipelines Operator through the web console, so I can remove the operator subscription and all operand instances from my cluster.",consumption,Cluster administrator,Conclude,user_story,"When I need to fully remove OpenShift Pipelines from my cluster, I want to cleanly uninstall all components and custom resources, so I can ensure no residual configuration or resources remain that could interfere with future installations or cluster operations.","Delete all custom resources (TektonHub, TektonResult, TektonConfig) | Have cluster administrator access",Back up secrets from openshift-pipelines namespace if needed,Remove operator and all operand instances in single operation | Ensure all resources in openshift-pipelines namespace are deleted | Minimize manual cleanup steps after operator removal,Uninstalling the Red Hat OpenShift Pipelines Operator,"install_config-combined.adoc, lines 402-421: Procedure states 'You can uninstall the Pipelines Operator by using the OCP web console to remove the Pipelines service from your cluster. This process involves deleting the Operator subscription and its associated operand instances.' Lines 416-421 include WARNING: 'When you uninstall the Pipelines Operator, the uninstallation process deletes all resources within the openshift-pipelines target namespace where Pipelines is installed, including the secrets you configured.'",Web console approach using OperatorHub. Requires prior CR deletion. Warning about namespace-wide deletion including secrets highlights need for backup planning.,install_config-combined.adoc
75,install_config,Installing and configuring,"As a Cluster administrator, when I have uninstalled the Pipelines Operator, I want to delete all operator.tekton.dev CRDs, so I can ensure complete removal of all Pipelines traces and prevent conflicts with future installations.",consumption,Cluster administrator,Conclude,user_story,"When I need to fully remove OpenShift Pipelines from my cluster, I want to cleanly uninstall all components and custom resources, so I can ensure no residual configuration or resources remain that could interfere with future installations or cluster operations.",Uninstall the Pipelines Operator | Delete all custom resources,Verify no other operators depend on these CRDs,Remove all residual CRD definitions created during installation | Ensure clean slate for potential future Pipelines installation | Minimize time to identify and delete all operator.tekton.dev CRDs,Deleting the custom resource definitions of the operator.tekton.dev group,"install_config-combined.adoc, lines 431-449: Procedure states 'You can delete the operator.tekton.dev custom resource definitions (CRDs) to fully remove all Pipelines traces from your cluster. This step ensures that no residual definitions remain after the Operator uninstallation.' Line 437: 'Delete the CustomResourceDefinitions of the operator.tekton.dev group. The Pipelines Operator creates these CRDs by default during installation.'",Final cleanup step. Web console approach using CRD filtering. CRDs are created automatically during installation and must be manually deleted during complete removal.,install_config-combined.adoc
76,install_config,Installing and configuring,"When managing high-volume pipeline workloads, I want to optimize controller performance with HA mode and resource allocation, so I can reduce delays and handle peak loads without bottlenecks",core,Cluster administrator,Configure,main_job,,Install OpenShift Pipelines Operator,Configure pipeline control plane | Monitor pipeline performance,Minimize time for task runs to start under high load | Reduce likelihood of controller bottlenecks during peak operations | Ensure controller operations scale across multiple replicas | Optimize API query throughput to cluster control plane,Performance tuning using the TektonConfig custom resource,"install_config-combined.adoc -> Performance tuning using the TektonConfig custom resource, lines 541-613. Key quotes: 'You can tune the performance and high availability (HA) of the {pipelines-shortname} controller by editing the TektonConfig custom resource', 'Without HA mode, a single pod executes these operations, potentially creating significant delays under a high load', 'In HA mode, {pipelines-shortname} uses several pods (replicas) to run these operations'","Main job for performance optimization. Covers HA mode, bucket configuration, replica counts, API query limits. Multiple user stories for different tuning scenarios.",install_config-combined.adoc
77,install_config,Installing and configuring,"When I need to scale pipeline operations, I want to enable high-availability mode with multiple controller replicas, so I can distribute workload across pods and avoid single-point-of-failure delays",core,Platform engineer,Configure,user_story,Optimize controller performance with HA mode and resource allocation,Install OpenShift Pipelines Operator | Understand bucket and replica relationship,,Minimize controller operation delays under high load | Ensure controller operations are distributed across replicas | Reduce likelihood of single controller becoming a bottleneck,Performance tuning using the TektonConfig custom resource,"install_config-combined.adoc -> Performance tuning, lines 556-597. Key quotes: 'disable-ha: false', 'buckets: 7', 'replicas: 5', 'In HA mode, {pipelines-shortname} uses several pods (replicas) to run these operations'",User story for enabling HA mode specifically. Implementation-specific configuration via TektonConfig CR.,install_config-combined.adoc
78,install_config,Installing and configuring,"When deploying pipelines in production environments, I want to configure control plane settings like sidecar behavior and metrics collection, so I can tailor pipeline execution to my cluster's characteristics",core,Cluster administrator,Configure,main_job,,Install OpenShift Pipelines | Access to TektonConfig CR,Change default service account | Configure pipeline resolvers | Disable service monitor,Minimize task run startup time in non-sidecar environments | Ensure metrics accurately reflect pipeline performance | Reduce resource consumption for unnecessary features | Customize pipeline behavior to match operational needs,Configuring the pipelines control plane,"install_config-combined.adoc -> Configuring the {pipelines-title} control plane, lines 621-668. Key quotes: 'You can configure the {pipelines-shortname} control plane to suit your operational needs by editing the TektonConfig custom resource', 'Customize settings such as metrics collection, sidecar injection, and service account defaults'","Main job covering control plane configuration. Multiple user stories for specific settings like sidecars, metrics, service accounts, API fields.",install_config-combined.adoc
79,install_config,Installing and configuring,"When running pipelines in clusters without injected sidecars, I want to disable sidecar readiness checks, so I can reduce task run startup delays",core,Platform engineer,Configure,user_story,Configure control plane settings like sidecar behavior and metrics collection,Understand cluster sidecar injection status | Access to TektonConfig CR,,Minimize time for task runs to start | Avoid unnecessary waiting for sidecars that don't exist | Ensure pipelines work in non-Istio clusters,Modifiable fields with default values,"install_config-combined.adoc -> Modifiable fields with default values, lines 686-693. Key quotes: 'Set this field to false if pipelines run in a cluster that does not use injected sidecars, such as Istio. Setting it to false decreases the time a pipeline takes for a task run to start'",User story for sidecar configuration optimization. Environment-specific tuning.,install_config-combined.adoc
80,install_config,Installing and configuring,"When enforcing security policies across pipelines, I want to change the default service account used by task and pipeline runs, so I can align with organizational RBAC requirements",core,Cluster administrator,Secure,main_job,,Create custom service account with appropriate permissions | Install OpenShift Pipelines,Configure RBAC resources | Disable automatic RBAC creation,Ensure all pipeline runs use approved service accounts | Reduce likelihood of privilege escalation | Minimize manual service account specification per run | Align pipeline execution with security policies,Changing the default service account for OpenShift Pipelines,"install_config-combined.adoc -> Changing the default service account, lines 764-784. Key quotes: 'You can change the default service account used by {pipelines-shortname} for task and pipeline runs to meet your security or operational requirements', 'default-service-account: pipeline'",Main job for service account management. Security-focused configuration.,install_config-combined.adoc
81,install_config,Installing and configuring,"When managing clusters with large numbers of pipeline runs, I want to configure a longer resync period for the controller, so I can reduce resource consumption from frequent full reconciliations",core,Platform engineer,Configure,user_story,Configure control plane settings like sidecar behavior and metrics collection,Install OpenShift Pipelines | Understand cluster resource constraints | Monitor controller resource usage,Optimize controller performance with HA mode,Minimize resource consumption from controller reconciliation | Reduce CPU and memory usage on control plane | Ensure reconciliation period matches cluster scale,Setting the resync period for the pipelines controller,"install_config-combined.adoc -> Setting the resync period, lines 827-862. Key quotes: 'If you have a large number of pipeline runs and task runs, a full reconciliation every 10 hours might consume too many resources. In this case, you can configure a longer resync period', 'resync-period=24h'",User story for resync period optimization. Performance tuning for large-scale deployments.,install_config-combined.adoc
82,install_config,Installing and configuring,"When managing how pipelines fetch remote resources, I want to enable or disable specific resolvers and configure their behavior, so I can control resource resolution methods and security policies",core,Cluster administrator,Configure,main_job,,Install OpenShift Pipelines | Understand resolver types and their security implications,Disable pipeline templates | Configure Tekton Hub integration | Migrate to Artifact Hub,Ensure only approved resolver types are available | Minimize security risks from unauthorized remote resources | Configure resolver-specific settings per organizational policy | Reduce complexity by disabling unused resolvers,Configuring pipeline resolvers,"install_config-combined.adoc -> Configuring pipeline resolvers, lines 903-949. Key quotes: 'You can enable or disable specific pipeline resolvers, such as git, cluster, bundle, and hub resolvers, to control how your pipelines fetch resources', 'enable-bundles-resolver', 'enable-cluster-resolver', 'enable-git-resolver', 'enable-hub-resolver'",Main job for resolver configuration. Security and resource management focus. Multiple user stories for different resolvers.,install_config-combined.adoc
83,install_config,Installing and configuring,"When customizing cluster initial state, I want to disable automatic installation of resolver tasks and pipeline templates, so I can prevent deployment of default resources my environment doesn't require",core,Cluster administrator,Configure,user_story,Enable or disable specific resolvers and configure their behavior,Install OpenShift Pipelines Operator | Decide on required default resources,Configure pipeline resolvers,Minimize unnecessary resource installation | Ensure clean cluster state matching organizational standards | Reduce clutter from unused templates,Disabling resolver tasks and pipeline templates,"install_config-combined.adoc -> Disabling resolver tasks and pipeline templates, lines 958-999. Key quotes: 'You can disable the automatic installation of resolver tasks and pipeline templates to customize your cluster initial state', 'resolverTasks', 'pipelineTemplates', 'You can set the value of the pipelinesTemplates parameter to true only when the value of the resolverTasks parameter is true'",User story for disabling default resources. Customization-focused configuration.,install_config-combined.adoc
84,install_config,Installing and configuring,"When Tekton Hub deprecation affects my pipelines, I want to migrate to Artifact Hub as the catalog source, so I can ensure uninterrupted catalog resolution and continue using prebuilt tasks",core,Platform engineer,Migrate,main_job,,Identify resources using Tekton Hub | Understand Artifact Hub catalog structure | Access to pipeline resource definitions,Configure pipeline resolvers | Assess migration impact,Ensure zero disruption to pipeline execution during migration | Minimize manual changes required across resources | Reduce likelihood of catalog resolution failures | Verify all Tekton resources use supported catalog,Migrating from Tekton Hub to Artifact Hub,"install_config-combined.adoc -> Migrating from Tekton Hub to Artifact Hub, lines 1065-1189. Key quotes: 'Red Hat deprecated this service. Use _Artifact Hub_, a centralized catalog for Tekton resources, instead', 'The hub resolver now defaults to the artifact type', 'You can update existing Tekton resources to use {artifact-hub} instead of the deprecated {tekton-hub}'",Main job for Tekton Hub to Artifact Hub migration. Migration-focused with assessment and execution sub-tasks.,install_config-combined.adoc
85,install_config,Installing and configuring,"When planning Tekton Hub to Artifact Hub migration, I want to identify which resources require modification, so I can scope the migration effort and avoid breaking pipelines",related,Platform engineer,Migrate,user_story,Migrate to Artifact Hub as the catalog source,Access to pipeline resource files | Cluster access for hub resolver config check,,Identify all resources needing migration | Verify current hub resolver configuration | Minimize risk of missing resources during migration | Understand migration scope before starting,Assess migration impact,"install_config-combined.adoc -> Assess migration impact, lines 1085-1126. Key quotes: 'You must migrate if: Your Tekton resources reference type: tekton or catalog: Tekton', 'Use the following scripts to identify which Tekton resources require modification and to verify the hub resolver configuration on your cluster'",User story for migration assessment. Pre-migration planning activity using provided scripts.,install_config-combined.adoc
86,install_config,Installing and configuring,"When managing cluster resources over time, I want to automatically remove completed TaskRun and PipelineRun objects, so I can prevent resource exhaustion and maintain optimal cluster performance.",core,Cluster administrator,Operate,main_job,,Install OpenShift Pipelines Operator | Have cluster-admin privileges,Monitor cluster resource usage | Configure namespace-specific policies,Minimize cluster resource consumption from stale objects | Reduce storage costs from unused pipeline runs | Prevent performance degradation from excessive API objects | Ensure automatic cleanup without manual intervention,Automatic pruning of task runs and pipeline runs,install_config-combined.adoc -> Automatic pruning of task runs and pipeline runs (lines 1426-1436): 'You can automatically prune stale TaskRun and PipelineRun resources to free up cluster resources. Pipelines provides a configurable pruner that removes unused objects based on your policies.',Core operational job for lifecycle management. Two implementation approaches: scheduled (cron-based) and event-driven (real-time).,install_config-combined.adoc
87,install_config,Installing and configuring,"When I need scheduled cleanup of pipeline resources, I want to configure time-based or count-based retention policies in TektonConfig, so I can maintain a predictable number of recent runs while automatically removing older resources.",core,Platform engineer,Configure,user_story,Automatically remove completed TaskRun and PipelineRun objects,Have TektonConfig access | Understand retention requirements,Configure namespace-specific overrides via annotations,Minimize configuration complexity | Ensure retention policies match business requirements | Reduce likelihood of accidentally deleting needed resources | Maintain audit compliance with keep-since settings,Configuring the pruner,"install_config-combined.adoc -> Configuring the pruner (lines 1446-1506): Example shows schedule (cron), keep (count), keep-since (time-based), and prune-per-resource settings. 'The default schedule runs the process at 08:00 every day.' 'If you set keep to 100, then the pruner keeps 100 most recent task runs and 100 most recent pipeline runs.'",User story for scheduled/cron-based pruning approach. Alternative to event-driven approach.,install_config-combined.adoc
88,install_config,Installing and configuring,"When different projects have different retention needs, I want to override global pruning policies per namespace using annotations, so I can customize cleanup behavior without modifying cluster-wide configuration.",related,Platform engineer,Configure,user_story,Automatically remove completed TaskRun and PipelineRun objects,Configure global pruner settings | Have namespace annotation permissions,,Minimize blast radius of configuration changes | Ensure namespace teams control their own retention | Reduce need for cluster-admin intervention,Annotations for automatically pruning task runs and pipeline runs,install_config-combined.adoc -> Annotations for automatically pruning task runs and pipeline runs (lines 1516-1554): 'You can customize the pruning behavior for specific namespaces by applying annotations to the Namespace resource. These annotations allow you to override global pruning settings.' Lists operator.tekton.dev/prune.* annotations and example with keep-since: 7200.,Namespace-level override pattern for scheduled pruner.,install_config-combined.adoc
89,install_config,Installing and configuring,"When I need near real-time cleanup instead of scheduled batches, I want to enable the event-based pruner controller, so I can delete completed runs immediately after they finish without waiting for cron schedules.",core,SRE,Configure,user_story,Automatically remove completed TaskRun and PipelineRun objects,Disable job-based pruner | Have TektonConfig modification access,Configure TTL or history limits for event pruner,Minimize delay between completion and cleanup | Reduce cluster resource spikes from batch pruning | Ensure pruner types do not conflict,Enabling the event-driven pruner,install_config-combined.adoc -> Enabling the event-driven pruner (lines 1563-1643): 'You can enable the event-based pruner to delete completed PipelineRun and TaskRun resources in near real-time.' 'You must disable the job-based pruner in the TektonConfig CR before you enable the event-driven pruner.' Example shows spec.pruner.disabled: true and spec.tektonpruner.disabled: false.,User story for event-driven pruning approach. Mutually exclusive with scheduled pruner. More immediate cleanup.,install_config-combined.adoc
90,install_config,Installing and configuring,"When using event-driven pruning, I want to define TTL-based or history-based retention rules at global or namespace level, so I can control how long resources persist after completion or how many recent runs to retain.",core,Platform engineer,Configure,user_story,Automatically remove completed TaskRun and PipelineRun objects,Enable event-driven pruner | Understand TTL vs history limit trade-offs,Configure resource-level rules via ConfigMap,Minimize configuration errors between TTL and history settings | Ensure compliance retention periods are met | Reduce storage costs with appropriate TTL values | Maintain audit trail with successfulHistoryLimit and failedHistoryLimit,Configuration of the event-driven pruner,"install_config-combined.adoc -> Configuration of the event-driven pruner (lines 1651-1875): Shows global-config with ttlSecondsAfterFinished, historyLimit, failedHistoryLimit, successfulHistoryLimit. 'You can define pruning rules for individual namespaces by setting enforcedConfigLevel to namespace.' Table shows common TTL values (300s for dev, 86400s for staging, 2592000s for compliance). Includes resource-level ConfigMap approach with selectors.",Event pruner configuration details. More granular than scheduled pruner with global/namespace/resource levels and selector support.,install_config-combined.adoc
91,install_config,Installing and configuring,"When operating the event-driven pruner in production, I want to monitor processing metrics and error rates via OpenTelemetry, so I can troubleshoot pruner issues and plan capacity based on reconciliation times.",related,SRE,Monitor,user_story,Automatically remove completed TaskRun and PipelineRun objects,Enable event-driven pruner | Have Prometheus or observability platform configured,Monitor cluster resource usage | Alert on pruner errors,Minimize mean time to detect pruner failures | Ensure visibility into pruning performance | Reduce troubleshooting time with labeled metrics,Observability metrics of the event-driven pruner,"install_config-combined.adoc -> Observability metrics of the event-driven pruner (lines 1883-1961): 'You can monitor the performance and health of the event-based pruner by using the metrics exposed by the tekton-pruner-controller. These metrics, available in OpenTelemetry format, give insights into resource processing, error rates, and reconciliation times.' Lists metrics: tekton_pruner_controller_resources_processed_total, tekton_pruner_controller_resources_deleted_total, reconciliation_duration_seconds histogram, resources_errors_total, etc.",Observability for event-driven pruner only. No equivalent metrics mentioned for scheduled pruner.,install_config-combined.adoc
92,install_config,Installing and configuring,"When cluster security policies require fine-grained permission control, I want to disable automatic cluster-wide RBAC creation, so I can prevent privileged role bindings and manually manage permissions per namespace.",core,Cluster administrator,Secure,main_job,,Have cluster-admin privileges | Understand pipelines-scc security implications,Manually create namespace-specific RBAC resources | Configure Trusted CA bundle separately,Minimize security risk from RunAsAny SCC privilege | Ensure RBAC resources only exist in approved namespaces | Reduce blast radius of pipeline permissions,Disabling the automatic creation of RBAC resources,"install_config-combined.adoc -> Disabling the automatic creation of RBAC resources (lines 1240-1276): 'You can disable the automatic creation of cluster-wide RBAC resources by using the Pipelines Operator to improve security and control over permissions.' 'Among these RBAC resources, the pipelines-scc-rolebinding security context constraint (SCC) role binding resource is a potential security issue, because the associated pipelines-scc SCC has the RunAsAny privilege.' Set createRbacResource to false.",Security-focused configuration job. Addresses RunAsAny SCC privilege risk.,install_config-combined.adoc
93,install_config,Installing and configuring,"When enforcing supply chain security, I want to disable inline taskSpec and pipelineSpec definitions, so I can require all pipelines and tasks to be referenced from version-controlled resources or resolvers.",core,Security engineer,Secure,main_job,,Have TektonConfig modification access | Establish pipeline and task versioning strategy,Configure Tekton resolvers | Implement pipeline catalog,Minimize risk of unaudited code execution | Ensure all pipeline definitions are version-controlled | Reduce likelihood of configuration drift from inline specs | Enforce compliance with security scanning policies,Disabling inline specification of pipelines and tasks,"install_config-combined.adoc -> Disabling inline specification of pipelines and tasks (lines 1284-1370): 'You can disable the inline specification of tasks and pipelines to enforce the use of referenced resources and improve security.' Shows disable-inline-spec parameter accepting 'pipeline,pipelinerun,taskrun' to prevent taskSpec: and pipelineSpec: usage. 'Instead, you must use a taskRef: spec to incorporate a task from a Task CR or to specify a task using a resolver.'",Supply chain security control. Forces use of taskRef/pipelineRef instead of inline definitions.,install_config-combined.adoc
94,install_config,Installing and configuring,"When customizing admission control behavior, I want to configure webhook failure policies and timeouts in TektonConfig, so I can control how Kubernetes handles webhook failures and prevent pipeline submission delays.",core,Platform engineer,Configure,main_job,,Understand webhook types (mutating vs validating) | Have TektonConfig modification access,Monitor webhook latency | Troubleshoot webhook timeout errors,Minimize pipeline submission failures from webhook timeouts | Ensure appropriate failure policy for production stability | Reduce API server load from slow webhooks,Setting additional options for webhooks,"install_config-combined.adoc -> Setting additional options for webhooks (lines 1969-2118): 'You can configure advanced webhook options, such as failure policies and timeouts, for Pipelines controllers to improve stability and error handling.' Shows webhookConfigurationOptions with failurePolicy, timeoutSeconds, sideEffects settings for validation.webhook.pipeline.tekton.dev and webhook.pipeline.tekton.dev. Covers pipeline, triggers, pipelinesAsCode, and hub controllers.",Webhook configuration applies to multiple controllers. Cannot configure operator webhooks.,install_config-combined.adoc
95,install_config,Installing and configuring,"When operating in disconnected or private networks, I want to configure a custom Artifact Hub URL in TektonConfig, so I can resolve pipeline resources from an internal registry instead of public artifacthub.io.",consumption,Cluster administrator,Configure,main_job,,Deploy private Artifact Hub instance | Configure network connectivity from resolver pods | Configure TLS certificates for HTTPS,Configure authentication for private hub | Mirror pipeline catalog to private hub,Minimize dependency on external network connectivity | Ensure resolver pods can access pipeline resources | Reduce catalog lookup latency,Configuring custom Artifact Hub endpoint for disconnected environments,"install_config-combined.adoc -> Configuring custom Artifact Hub endpoint (lines 1201-1231): 'For disconnected or private environments, configure a custom Artifact Hub endpoint.' Shows hub-resolver-config with default-artifact-hub-url. Important note: 'When using a private Artifact Hub: Verify network connectivity from the resolver pods. Configure TLS certificates for HTTPS endpoints. Configure authentication, if required. Ensure catalog names match those published in your private hub.'",Consumption-chain job for disconnected/air-gapped environments. Requires private Artifact Hub deployment.,install_config-combined.adoc
96,resource,Managing performance and resource use,"When running many concurrent pipelines, I want to optimize controller performance, so I can reduce failures and minimize execution delays.",core,Platform Engineer,Operate,main_job,,Install OpenShift Pipelines,Monitor cluster resource usage | Set compute resource quotas,Minimize pipeline execution time | Reduce likelihood of pipeline failures | Ensure adequate cluster resources for concurrent pipeline runs,Managing OpenShift Pipelines performance,"resource-combined.adoc -> Managing OpenShift Pipelines performance, lines 1-46",Main job covering performance optimization for high-volume pipeline environments,resource-combined.adoc
97,resource,Managing performance and resource use,"When experiencing pipeline slowness or failures, I want to enable high-availability mode for controllers, so I can reduce execution times and pod start delays.",core,Platform Engineer,Configure,user_story,"When running many concurrent pipelines, I want to optimize controller performance, so I can reduce failures and minimize execution delays.",Install OpenShift Pipelines | Have cluster-admin permissions,Monitor node resource usage,Reduce TaskRun pod creation latency | Minimize pipeline execution time | Ensure controller high availability,Improving OpenShift Pipelines performance,"resource-combined.adoc -> Improving OpenShift Pipelines performance, lines 29-46",User story for enabling HA mode via TektonConfig CR to improve performance,resource-combined.adoc
98,resource,Managing performance and resource use,"When cluster nodes are resource-constrained, I want to increase the number of nodes, so I can prevent resource exhaustion and pipeline failures.",core,Platform Engineer,Operate,user_story,"When running many concurrent pipelines, I want to optimize controller performance, so I can reduce failures and minimize execution delays.",Monitor cluster resource usage,Scale cluster infrastructure,Reduce likelihood of resource contention | Ensure adequate CPU and memory for pipelines,Improving OpenShift Pipelines performance,"resource-combined.adoc -> Improving OpenShift Pipelines performance, lines 34-37",User story for horizontal scaling via adding nodes,resource-combined.adoc
99,resource,Managing performance and resource use,"When operating in a multitenant environment, I want to control resource consumption per namespace, so I can prevent any one application from consuming excessive resources.",core,Cluster Administrator,Configure,main_job,,Install OpenShift Pipelines | Create namespaces,Set resource quotas | Configure limit ranges,Minimize impact on other applications | Ensure fair resource distribution across tenants | Prevent resource exhaustion,Reducing resource consumption of OpenShift Pipelines,"resource-combined.adoc -> Reducing resource consumption of OpenShift Pipelines, lines 54-72",Main job for resource governance in multitenant clusters,resource-combined.adoc
100,resource,Managing performance and resource use,"When defining tasks, I want to understand how step resource requests affect pod scheduling, so I can configure appropriate limits and avoid quota errors.",core,Pipeline Developer,Develop,user_story,"When operating in a multitenant environment, I want to control resource consumption per namespace, so I can prevent any one application from consuming excessive resources.",Understand task and step structure,Configure limit ranges | Set resource quotas,Ensure tasks meet minimum resource requirements | Avoid pod scheduling failures,Understanding resource consumption in pipelines,"resource-combined.adoc -> Understanding resource consumption in pipelines, lines 78-128",User story covering understanding of resource consumption patterns and LimitRange effects,resource-combined.adoc
101,resource,Managing performance and resource use,"When tasks have many steps, I want to reduce step count or distribute steps across tasks, so I can minimize total resource requests and avoid unschedulable pods.",core,Pipeline Developer,Develop,user_story,"When operating in a multitenant environment, I want to control resource consumption per namespace, so I can prevent any one application from consuming excessive resources.",Understand resource request aggregation behavior,Configure limit ranges,Minimize total memory requests for task pods | Reduce likelihood of quota exhaustion | Ensure pods are schedulable,Mitigating extra resource consumption in pipelines,"resource-combined.adoc -> Mitigating extra resource consumption in pipelines, lines 134-177",User story for reducing resource consumption through task design optimization,resource-combined.adoc
102,resource,Managing performance and resource use,"When using referenced tasks from bundles or shared pipelines, I want to override step-level resources in the PipelineRun, so I can allocate more CPU or memory without modifying the original task definition.",core,Pipeline Developer,Configure,main_job,,Install OpenShift Pipelines,Use Tekton bundles | Configure Pipelines as Code,Prevent task step failures due to insufficient resources | Avoid modifying shared pipeline definitions | Ensure precise resource allocation for specific steps,Override step level compute resources in a PipelineRun,"resource-combined.adoc -> Override step level compute resources in a PipelineRun, lines 185-211",Main job for runtime resource customization without modifying task definitions,resource-combined.adoc
103,resource,Managing performance and resource use,"When a task step fails due to insufficient resources, I want to set compute resources using taskRunSpecs in the PipelineRun, so I can allocate adequate memory and CPU for that specific step.",core,Pipeline Developer,Configure,user_story,"When using referenced tasks from bundles or shared pipelines, I want to override step-level resources in the PipelineRun, so I can allocate more CPU or memory without modifying the original task definition.",Identify failing task step | Have permission to modify PipelineRun definitions,Monitor task execution logs,Ensure step completes successfully | Minimize resource over-allocation,Setting compute resources for a task step,"resource-combined.adoc -> Setting compute resources for a task step, lines 216-293",User story for setting step-level resource overrides via PipelineRun taskRunSpecs,resource-combined.adoc
104,resource,Managing performance and resource use,"When managing pipeline workloads, I want to set compute resource quotas for pipelines rather than entire namespaces, so I can control resource consumption at the pipeline level.",core,Cluster Administrator,Configure,main_job,,Install OpenShift Pipelines,Set resource quotas per namespace | Configure limit ranges,Minimize resource consumption by pipeline workloads | Ensure fair resource allocation across pipelines | Prevent pipeline pods from exceeding quotas,Setting compute resource quota for OpenShift Pipelines,"resource-combined.adoc -> Setting compute resource quota for OpenShift Pipelines, lines 306-318",Main job for pipeline-level quota management; currently not directly supported,resource-combined.adoc
105,resource,Managing performance and resource use,"When direct pipeline-level quotas are not available, I want to use alternative approaches like step-level limits or priority classes, so I can achieve some control over resource consumption.",core,Cluster Administrator,Configure,user_story,"When managing pipeline workloads, I want to set compute resource quotas for pipelines rather than entire namespaces, so I can control resource consumption at the pipeline level.",Understand ResourceQuota and LimitRange,Reduce pipeline resource consumption | Set namespace quotas,Control total resources consumed by pipeline pods | Ensure pipelines do not exceed available resources,Alternative approaches for limiting compute resource consumption in OpenShift Pipelines,"resource-combined.adoc -> Alternative approaches for limiting compute resource consumption in OpenShift Pipelines, lines 321-367",User story covering workarounds for pipeline-level quota management,resource-combined.adoc
106,resource,Managing performance and resource use,"When I need pipeline-level resource control, I want to create a priority class and configure resource quotas based on pod priority, so I can limit resources for specific pipeline workloads.",core,Cluster Administrator,Configure,user_story,"When managing pipeline workloads, I want to set compute resource quotas for pipelines rather than entire namespaces, so I can control resource consumption at the pipeline level.",Understand PriorityClass and ResourceQuota,Set limit ranges | Configure task resource requests,Control combined resource quota for pipeline pods | Ensure pipeline workloads stay within defined limits | Manage resource allocation by priority,Specifying pipelines resource quota using priority class,"resource-combined.adoc -> Specifying pipelines resource quota using priority class, lines 383-617",User story for workaround using PriorityClass to achieve pipeline-level quota control,resource-combined.adoc
107,resource,Managing performance and resource use,"When cluster maintenance operations occur, I want to protect critical pipeline workloads from eviction, so I can prevent disruption of non-reentrant tasks.",core,SRE,Operate,main_job,,Install OpenShift Pipelines,Perform cluster maintenance | Schedule node drains,Prevent eviction of running critical workloads | Minimize disruption during cluster upgrades | Ensure non-reentrant tasks complete successfully,Protecting Tekton workload pods from eviction during node drains,"resource-combined.adoc -> Protecting Tekton workload pods from eviction during node drains, lines 627-641",Main job for protecting workloads during voluntary disruptions,resource-combined.adoc
108,resource,Managing performance and resource use,"When I need to protect specific pipeline runs from eviction, I want to use label propagation and PodDisruptionBudget, so I can block node drains while those workloads are running.",core,SRE,Configure,user_story,"When cluster maintenance operations occur, I want to protect critical pipeline workloads from eviction, so I can prevent disruption of non-reentrant tasks.",Identify tasks requiring eviction protection,,Ensure labels propagate from PipelineRun to TaskRun pods | Block voluntary disruptions during task execution,Eviction protection for TaskRun pods,"resource-combined.adoc -> Eviction protection for TaskRun pods, lines 643-663",User story explaining label propagation mechanism for eviction protection,resource-combined.adoc
109,resource,Managing performance and resource use,"When I have critical one-time tasks like backups or deletions, I want to label the PipelineRun and configure a PodDisruptionBudget, so I can prevent eviction during node drains.",core,SRE,Configure,user_story,"When cluster maintenance operations occur, I want to protect critical pipeline workloads from eviction, so I can prevent disruption of non-reentrant tasks.",Install OpenShift Pipelines | Identify critical workloads,Create PodDisruptionBudget resources,Prevent voluntary eviction of protected pods | Ensure critical tasks complete before node drain | Minimize manual intervention during maintenance,Preventing eviction of TaskRun pods during node maintenance,"resource-combined.adoc -> Preventing eviction of TaskRun pods during node maintenance, lines 665-749",User story for configuring PDB and labeling PipelineRuns for eviction protection,resource-combined.adoc
110,resource,Managing performance and resource use,"When running many concurrent tasks on a single cluster, I want to distribute pipeline workloads across multiple clusters, so I can overcome performance limitations and resource contention.",core,Platform Engineer,Operate,main_job,,Install OpenShift Pipelines | Have multiple OpenShift clusters available,Manage pipeline performance | Configure Kueue,Reduce resource contention on Kubernetes API server | Minimize impact of cluster failures | Improve overall pipeline capacity | Ensure horizontal scalability,Multicluster support for OpenShift Pipelines,"resource-combined.adoc -> Multicluster support for OpenShift Pipelines, lines 751-761",Main job for horizontal scaling via multicluster distribution; Technology Preview feature,resource-combined.adoc
111,resource,Managing performance and resource use,"When a single cluster cannot handle pipeline workload volume, I want to use a hub-and-spoke architecture, so I can manage pipeline runs centrally while distributing execution across spoke clusters.",core,Platform Engineer,Architecture,user_story,"When running many concurrent tasks on a single cluster, I want to distribute pipeline workloads across multiple clusters, so I can overcome performance limitations and resource contention.",Understand hub-and-spoke architecture | Install Kueue,Configure MultiKueue,Achieve horizontal scalability for pipeline infrastructure | Reduce resource bottlenecks | Optimize resource utilization across clusters,About multicluster support in OpenShift Pipelines,"resource-combined.adoc -> About multicluster support in OpenShift Pipelines, lines 783-810",User story covering multicluster architecture and benefits,resource-combined.adoc
112,resource,Managing performance and resource use,"When setting up multicluster support, I want to configure a hub cluster with Kueue and MultiKueue, so I can manage and schedule pipeline runs across multiple spoke clusters.",core,Platform Engineer,Configure,user_story,"When running many concurrent tasks on a single cluster, I want to distribute pipeline workloads across multiple clusters, so I can overcome performance limitations and resource contention.",Install OpenShift Pipelines on hub cluster | Have cluster-admin permissions | Have spoke cluster kubeconfig files,Configure spoke clusters | Create Kueue resources,Enable hub cluster to manage pipeline runs centrally | Ensure hub cluster can connect to spoke clusters | Configure multicluster scheduling via MultiKueue,Configuring the hub cluster for multicluster,"resource-combined.adoc -> Configuring the hub cluster for multicluster, lines 872-1171","User story for hub cluster setup including Kueue operator, RBAC, and MultiKueue configuration",resource-combined.adoc
113,resource,Managing performance and resource use,"When enabling spoke clusters to execute pipeline runs, I want to install Kueue and configure service accounts, so I can allow the hub cluster to schedule workloads on this cluster.",core,Platform Engineer,Configure,user_story,"When running many concurrent tasks on a single cluster, I want to distribute pipeline workloads across multiple clusters, so I can overcome performance limitations and resource contention.",Install OpenShift Pipelines on spoke cluster | Have cluster-admin permissions,Configure hub cluster | Generate kubeconfig for hub cluster,Enable spoke cluster to execute scheduled pipeline runs | Ensure hub cluster can authenticate to spoke cluster | Configure resource quotas for spoke cluster workloads,Configuring spoke clusters for multicluster,"resource-combined.adoc -> Configuring spoke clusters for multicluster, lines 1173-1491","User story for spoke cluster setup including Kueue operator, service account, RBAC, and kubeconfig generation",resource-combined.adoc
114,resource,Managing performance and resource use,"When multicluster configuration is complete, I want to verify ClusterQueue, AdmissionCheck, and MultiKueueCluster status, so I can confirm the setup is working correctly.",core,Platform Engineer,Confirm,user_story,"When running many concurrent tasks on a single cluster, I want to distribute pipeline workloads across multiple clusters, so I can overcome performance limitations and resource contention.",Configure hub cluster | Configure spoke clusters,Create test pipeline runs,Ensure all Kueue resources are Active | Verify hub-to-spoke connectivity | Minimize time to detect configuration issues,Verifying multicluster setup,"resource-combined.adoc -> Verifying multicluster setup, lines 1493-1595",User story for validation of multicluster setup via status checks,resource-combined.adoc
115,resource,Managing performance and resource use,"When creating pipeline runs in a multicluster setup, I want to create them on the hub cluster with appropriate labels and managedBy fields, so I can have them automatically scheduled to spoke clusters based on resource availability.",core,Pipeline Developer,Execute,user_story,"When running many concurrent tasks on a single cluster, I want to distribute pipeline workloads across multiple clusters, so I can overcome performance limitations and resource contention.",Configure multicluster setup | Create LocalQueue in namespace,Monitor pipeline run status | Use Pipelines as Code,Ensure pipeline runs are scheduled to available spoke clusters | Minimize manual cluster selection | Enable status synchronization from spoke to hub,Creating pipeline runs in a multicluster environment,"resource-combined.adoc -> Creating pipeline runs in a multicluster environment, lines 1597-1768",User story for creating pipeline runs that MultiKueue schedules across spoke clusters,resource-combined.adoc
116,create,Creating CI/CD pipelines,"When I need to automate application build, test, and deployment workflows, I want to create a customized CI/CD solution using pipelines, so I can reduce manual effort and ensure consistent delivery processes.",core,Application developer,Develop,main_job,,Have OpenShift cluster access | Have OpenShift Pipelines installed | Have pipelines CLI installed,Configure pipeline triggers | Monitor pipeline execution | Manage pipeline resources,Minimize time to deploy application changes | Reduce likelihood of deployment errors | Ensure consistent build and test processes across environments,Creating CI/CD solutions for applications using OpenShift Pipelines,"create-combined.adoc -> Creating CI/CD solutions for applications using OpenShift Pipelines, lines 64-76",Main job covering the overall goal of creating CI/CD pipelines for applications,create-combined.adoc
117,create,Creating CI/CD pipelines,"When preparing to run pipelines, I want to create a dedicated project and verify the pipeline service account exists, so I can ensure proper isolation and permissions for pipeline execution.",related,Application developer,Configure,user_story,Create a customized CI/CD solution using pipelines,Have cluster access credentials,Configure service account permissions | Set up project resources,Ensure pipeline service account has sufficient permissions to build and push images | Minimize time to verify project setup | Reduce likelihood of permission-related pipeline failures,Creating a project and checking your pipeline service account,"create-combined.adoc -> Creating a project and checking your pipeline service account, lines 98-129",Initial setup task for creating project isolation,create-combined.adoc
118,create,Creating CI/CD pipelines,"When defining CI/CD workflows, I want to create reusable task definitions, so I can standardize build and deployment steps across pipelines.",core,Pipeline developer,Develop,user_story,Create a customized CI/CD solution using pipelines,Have project created | Have pipeline service account configured,Assemble tasks into pipelines | Configure task workspaces | Reference tasks from task catalog,Minimize duplication of task logic across pipelines | Ensure task reusability across teams and projects | Reduce time to define new pipeline workflows,Creating pipeline tasks,"create-combined.adoc -> Creating pipeline tasks, lines 138-170",Covers installation of reusable tasks from repository,create-combined.adoc
119,create,Creating CI/CD pipelines,"When orchestrating multiple tasks into a workflow, I want to assemble a pipeline that specifies task execution order and data flow, so I can automate the complete build-test-deploy sequence.",core,Pipeline developer,Develop,user_story,Create a customized CI/CD solution using pipelines,Have pipeline tasks created or available | Have workspace storage configured,Configure pipeline parameters | Define task dependencies | Specify workspace requirements,Ensure tasks execute in correct order | Minimize pipeline definition complexity | Reduce likelihood of task dependency errors | Enable pipeline reusability across applications,Assembling a pipeline,"create-combined.adoc -> Assembling a pipeline, lines 179-311","Covers creating pipeline definition with task orchestration, parameters, and workspaces",create-combined.adoc
120,create,Creating CI/CD pipelines,"When running pipelines in a disconnected or restricted cluster, I want to mirror required builder images to my private registry, so I can ensure pipeline tasks have access to necessary base images.",related,Platform engineer,Configure,user_story,Create a customized CI/CD solution using pipelines,Have access to mirror registry | Have cluster configured for restricted environment | Have image pull permissions,Configure Samples Operator for restricted network | Set up image pull secrets | Schedule periodic image re-imports,Ensure pipeline tasks can access builder images without external network | Minimize pipeline failures due to image pull errors | Reduce time to configure restricted environment support,Mirroring images to run pipelines in restricted environment,"create-combined.adoc -> Mirroring images to run pipelines in restricted environment, lines 321-523",Specialized configuration for disconnected/restricted clusters,create-combined.adoc
121,create,Creating CI/CD pipelines,"When I need to execute my CI/CD workflow, I want to start a pipeline run with specific parameters and workspace configuration, so I can build, test, and deploy my application.",core,Application developer,Deploy,user_story,Create a customized CI/CD solution using pipelines,Have pipeline defined | Have workspace storage available | Have Git repository accessible | Have image registry configured,Track pipeline run progress | Rerun failed pipelines | View pipeline run logs,Minimize time from code commit to deployment | Ensure pipeline uses correct Git revision and parameters | Reduce likelihood of resource allocation failures,Running a pipeline,"create-combined.adoc -> Running a pipeline, lines 539-623",Covers starting pipeline runs with workspace and parameters,create-combined.adoc
122,create,Creating CI/CD pipelines,"When I want pipelines to respond automatically to code changes, I want to add triggers that capture GitHub events, so I can eliminate manual pipeline invocation and enable continuous integration.",core,Application developer,Develop,user_story,Create a customized CI/CD solution using pipelines,Have pipeline assembled and tested | Have event listener service exposed,Configure webhooks on Git repositories | Secure event listener endpoints | Filter trigger events,Ensure pipeline runs automatically on push events | Minimize delay between code commit and pipeline start | Reduce manual effort to trigger builds,Adding triggers to a pipeline,"create-combined.adoc -> Adding triggers to a pipeline, lines 637-873","Covers TriggerBinding, TriggerTemplate, Trigger, and EventListener resources",create-combined.adoc
123,create,Creating CI/CD pipelines,"When deploying pipelines across multiple teams or namespaces, I want to configure event listeners as multitenant resources, so I can maximize reusability and reduce duplication of listener configurations.",related,Platform engineer,Configure,user_story,Create a customized CI/CD solution using pipelines,Have cluster-wide permissions | Have event listener defined | Have namespace selector requirements,Configure cluster role bindings | Set up service accounts with impersonation | Manage trigger resources across namespaces,Minimize duplication of event listener resources | Ensure event listeners can serve many namespaces | Reduce cluster resource consumption,Configuring event listeners to serve many namespaces,"create-combined.adoc -> Configuring event listeners to serve many namespaces, lines 881-1030",Advanced configuration for multi-namespace event listener deployment,create-combined.adoc
124,create,Creating CI/CD pipelines,"When connecting Git repositories to pipeline triggers, I want to configure webhook URLs pointing to event listeners, so I can ensure repository events trigger pipeline runs.",related,Application developer,Configure,user_story,Create a customized CI/CD solution using pipelines,Have event listener service exposed | Have administrative access to Git repositories | Have webhook URL obtained,Configure webhook secrets | Test webhook connectivity | Manage webhook event types,Ensure webhook events reach event listener | Minimize webhook configuration errors | Reduce time to set up repository integration,Creating webhooks,"create-combined.adoc -> Creating webhooks, lines 1038-1086",Covers manual webhook configuration on GitHub repositories,create-combined.adoc
125,create,Creating CI/CD pipelines,"When I push code changes to my repository, I want the configured webhook to trigger a pipeline run automatically, so I can verify my CI/CD automation is working end-to-end.",core,Application developer,Deploy,user_story,Create a customized CI/CD solution using pipelines,Have webhooks configured on repositories | Have event listeners running | Have triggers and bindings configured,Monitor pipeline run status | Debug failed pipeline runs | View pipeline run logs,Ensure code pushes trigger pipeline runs automatically | Minimize delay between push and pipeline start | Reduce likelihood of trigger configuration errors,Triggering a pipeline run,"create-combined.adoc -> Triggering a pipeline run, lines 1094-1126",Covers testing the complete webhook-to-pipeline automation,create-combined.adoc
126,create,Creating CI/CD pipelines,"When operating event listeners in production, I want to enable service monitors to gather metrics, so I can observe event listener performance and troubleshoot issues.",related,Platform engineer,Monitor,user_story,Create a customized CI/CD solution using pipelines,Have event listeners deployed | Have monitoring enabled for user-defined projects | Have cluster administrator permissions,View event listener metrics in console | Set up alerting on event listener metrics | Analyze event listener performance,Ensure visibility into event listener health and performance | Minimize time to detect event listener issues | Reduce likelihood of undetected event listener failures,Enabling monitoring of event listeners for Triggers for user-defined projects,"create-combined.adoc -> Enabling monitoring of event listeners for Triggers for user-defined projects, lines 1134-1189",Covers creating ServiceMonitor resources for Triggers metrics,create-combined.adoc
127,create,Creating CI/CD pipelines,"When processing GitHub events, I want to filter pull request and push events based on changed files, so I can run pipelines only for relevant changes and avoid unnecessary builds.",related,Pipeline developer,Develop,user_story,Create a customized CI/CD solution using pipelines,Have GitHub Interceptor available | Have event listeners configured | Have CEL Interceptor configured,Configure personal access tokens for private repositories | Define file path filters using CEL expressions | Test filter expressions,Minimize unnecessary pipeline runs from irrelevant changes | Reduce compute resource consumption | Ensure pipelines run only for changes in specific directories,Filtering pull requests using GitHub Interceptor,"create-combined.adoc -> Filtering pull requests using GitHub Interceptor, lines 1222-1309",Covers using GitHub Interceptor with CEL to filter events by changed files,create-combined.adoc
128,create,Creating CI/CD pipelines,"When accepting pull requests from external contributors, I want to validate PRs based on repository owners before triggering pipeline runs, so I can prevent unauthorized or untrusted code from consuming pipeline resources.",related,Platform engineer,Secure,user_story,Create a customized CI/CD solution using pipelines,Have OWNERS file configured in repository | Have GitHub Interceptor available | Have webhook secrets configured,Configure GitHub owners check type | Manage repository owner approvals | Set up approval comment triggers,Ensure only authorized users can trigger pipeline runs | Minimize risk of malicious code execution in pipelines | Reduce unnecessary pipeline runs from untrusted sources,Validating pull requests using GitHub Interceptors,"create-combined.adoc -> Validating pull requests using GitHub Interceptors, lines 1317-1410",Covers GitHub Interceptor validation against OWNERS file,create-combined.adoc
129,create,Creating CI/CD pipelines,"When I need to create CI/CD pipelines for my application, I want to access pipeline creation options from the Developer perspective, so I can build automated delivery workflows integrated with my development process.",core,Application developer,Configure,main_job,,,Deploy applications using pipelines | Monitor pipeline execution,Minimize time to create a working pipeline | Reduce complexity of pipeline configuration | Ensure pipelines integrate with application lifecycle,Working with OpenShift Pipelines in the Developer perspective,"create-combined.adoc -> Working with OpenShift Pipelines in the Developer perspective, lines 1503-1512",Main job covering pipeline creation in Developer perspective. Two primary approaches: Pipeline builder and From Git option.,create-combined.adoc
130,create,Creating CI/CD pipelines,"As an application developer, when I need to create a customized pipeline, I want to use the Pipeline builder with visual configuration, so I can construct pipelines using reusable tasks without writing YAML manually.",core,Application developer,Configure,user_story,Create CI/CD pipelines for my application,,Search and add tasks from Tekton Hub | Configure pipeline resources and parameters,Minimize time to configure pipeline tasks | Reduce errors from manual YAML editing | Ensure access to reusable pipeline tasks from the cluster,Constructing pipelines using the Pipeline builder,"create-combined.adoc -> Constructing pipelines using the Pipeline builder, lines 1522-1606",UI-based approach using Pipeline builder. Supports both visual builder and YAML view. Requires Tekton Hub for full task catalog access.,create-combined.adoc
131,create,Creating CI/CD pipelines,"As a cluster administrator, when I want to enable developers to access curated tasks, I want to install and deploy a local Tekton Hub instance, so developers can search, install, and upgrade tasks directly from the console.",related,Cluster administrator,Configure,user_story,Create CI/CD pipelines for my application,Install OpenShift Pipelines Operator,Deploy Tekton Hub instance | Link Tekton Hub to OpenShift cluster,Ensure developers have access to curated task catalog | Minimize dependency on public Tekton Hub | Reduce likelihood of using untrusted tasks,Constructing pipelines using the Pipeline builder,"create-combined.adoc -> Constructing pipelines using the Pipeline builder, lines 1535-1539","Related job for administrators to enable developer self-service. Without local Tekton Hub, developers only access namespace tasks and public hub tasks.",create-combined.adoc
132,create,Creating CI/CD pipelines,"As an application developer, when I am deploying a new application from Git, I want to create pipelines using templates during application import, so I can establish CI/CD automation from the start without separate pipeline creation steps.",core,Application developer,Configure,user_story,Create CI/CD pipelines for my application,,Import codebase from Git | View pipelines in Topology view,Minimize time between code import and automated builds | Ensure pipelines are automatically linked to application | Reduce steps required to enable CI/CD,Creating OpenShift Pipelines along with applications,"create-combined.adoc -> Creating OpenShift Pipelines along with applications, lines 1615-1627",From Git approach enables pipeline creation during application import. Default webhooks are added automatically. Tekton Hub integration shows available tasks.,create-combined.adoc
133,create,Creating CI/CD pipelines,"As an application developer, when I have pipelines defined in my GitHub repository, I want to add the repository to the cluster with webhook configuration, so pipelines run automatically on Git events like push and pull requests.",core,Application developer,Configure,user_story,Create CI/CD pipelines for my application,Cluster administrator has configured GitHub applications | Have GitHub repository with .tekton directory,Configure Pipelines as Code | Set up GitHub webhooks,Ensure pipelines trigger automatically on Git events | Minimize manual pipeline execution | Reduce time to establish event-driven CI/CD,Adding a GitHub repository containing pipelines,"create-combined.adoc -> Adding a GitHub repository containing pipelines, lines 1637-1694",Supports both public and private GitHub repositories. Requires GitHub App or webhook setup with personal access token. Prerequisite: admin must configure GitHub apps first.,create-combined.adoc
134,create,Creating CI/CD pipelines,"When I have created pipelines, I want to view pipeline details and execution status in a visual interface, so I can understand pipeline structure, monitor runs, and troubleshoot failures efficiently.",core,Application developer,Monitor,main_job,,Create a pipeline,Start pipeline runs | Debug failed pipeline runs | View pipeline metrics,Minimize time to identify failed tasks | Reduce effort to understand pipeline structure | Ensure quick access to logs and error details,Interacting with pipelines using the Developer perspective,"create-combined.adoc -> Interacting with pipelines using the Developer perspective, lines 1704-1766","Main job covering pipeline monitoring and interaction. Developer perspective provides visual representation of serial tasks, parallel tasks, finally tasks, and when expressions.",create-combined.adoc
135,create,Creating CI/CD pipelines,"When I have created a pipeline, I want to start it with configured resources and credentials, so the included tasks execute in the defined sequence to build and deploy my application.",core,Application developer,Execute,main_job,,Create a pipeline | Define pipeline resources,Configure Git resources | Configure image resources | Add authentication secrets,Minimize time to execute pipeline run | Reduce errors from missing resources or credentials | Ensure pipeline tasks execute successfully,Starting pipelines from Pipelines view,"create-combined.adoc -> Starting pipelines from Pipelines view, lines 1775-1839","Main job covering pipeline execution. Can start from Pipelines view, Pipeline Details page, or Topology view. Supports adding secrets for private Git servers and image registries.",create-combined.adoc
136,create,Creating CI/CD pipelines,"When I need to modify an existing pipeline, I want to edit pipeline configuration through the web console, so I can add tasks, change parameters, or update resources without recreating the entire pipeline.",core,Application developer,Modify,main_job,,Have an existing pipeline,Add pipeline tasks | Configure task parameters | Remove pipeline tasks,Minimize time to update pipeline configuration | Reduce risk of breaking working pipelines | Ensure changes are applied without pipeline recreation,Editing pipelines,"create-combined.adoc -> Editing pipelines, lines 1897-1912","Main job covering pipeline modification. Uses Pipeline builder page for visual editing. Can add/remove tasks, modify parameters, and update resources.",create-combined.adoc
137,create,Creating CI/CD pipelines,"As a cluster administrator, when I want to provide reusable pipeline patterns, I want to create pipeline templates in the openshift namespace, so developers can reuse standardized pipelines across projects.",core,Cluster administrator,Configure,main_job,,Have cluster administrator permissions | Install OpenShift Pipelines Operator,Define runtime labels for templates | Define pipeline type labels,Minimize developer effort to create common pipelines | Ensure consistent pipeline patterns across teams | Reduce duplication of pipeline definitions,Creating pipeline templates in the Administrator perspective,"create-combined.adoc -> Creating pipeline templates in the Administrator perspective, lines 1945-1981",Administrator-specific job for creating reusable templates. Templates must be created in openshift namespace with runtime and type labels.,create-combined.adoc
138,create,Creating CI/CD pipelines,"When I need to analyze pipeline performance across my organization, I want to view consolidated execution statistics, so I can identify trends, optimize workflows, and report on CI/CD effectiveness.",core,Platform administrator,Analyze,main_job,,Install Tekton Results | Enable OpenShift Pipelines console plugin,Monitor pipeline success ratios | Track pipeline run durations | View pipeline run trends,Minimize time to identify performance trends | Ensure visibility into pipeline success rates | Reduce effort to generate pipeline reports,Pipeline execution statistics in the web console,"create-combined.adoc -> Pipeline execution statistics in the web console, lines 1990-2002",Requires Tekton Results installation and console plugin enablement. Provides statistics for all pipelines together and individual pipelines.,create-combined.adoc
139,create,Creating CI/CD pipelines,"When I need to implement approval gates in my CI/CD pipelines, I want to enable the manual approval gate controller, so I can ensure critical deployments require human authorization before proceeding.",core,Platform administrator,Configure,user_story,Control pipeline execution with manual approval gates,Install OpenShift Pipelines Operator | Have administrator permissions for openshift-pipelines namespace | Have cluster access via oc CLI,Specify approval tasks in pipelines | Configure pipeline approvers,Minimize time to enable approval capability | Ensure approval controller is ready before pipeline execution | Reduce likelihood of deploying without required authorization,Enabling the manual approval gate controller,"create-combined.adoc -> Enabling the manual approval gate controller, lines 5787-5834",Technology Preview feature. This is a prerequisite configuration step before approval tasks can be used in pipelines.,create-combined.adoc
140,create,Creating CI/CD pipelines,"When I need to control when pipelines proceed to critical stages, I want to configure approval tasks with specific approvers and thresholds, so I can ensure the right stakeholders authorize production deployments.",core,DevOps engineer,Configure,user_story,Control pipeline execution with manual approval gates,Enable the manual approval gate controller | Have a pipeline YAML specification | Create groups and add required users for group approval,Define deployment pipelines | Configure build and test tasks | Set up production environments,Minimize configuration errors when defining approval gates | Ensure correct number of approvals required | Reduce likelihood of unauthorized deployments | Ensure approval timeout prevents indefinite pipeline blocking,Specifying a manual approval task,"create-combined.adoc -> Specifying a manual approval task, lines 5842-6076","Supports multiple approval patterns: multi-user approval (requires N approvals from individual users), group-based approval (requires approvals from group members), and mixed user/group approval. Default timeout is 1 hour.",create-combined.adoc
141,create,Creating CI/CD pipelines,"When a pipeline reaches an approval gate that lists me as an approver, I want to approve or reject the task via the web console, so I can authorize or block critical deployments without using CLI tools.",core,Pipeline approver,Operate,user_story,Authorize or reject pipeline execution at approval gates,Enable OpenShift Pipelines console plugin | Be listed as an approver in the approval task | Have a pipeline run waiting at an approval gate,Monitor pipeline execution | Review deployment changes | View pipeline run details,Minimize time to locate pending approvals | Reduce likelihood of missing approval notifications | Ensure approval decisions are recorded with reason | Minimize errors when approving or rejecting,Approving a manual approval task by using the web console,"create-combined.adoc -> Approving a manual approval task by using the web console, lines 6106-6131","Web console provides notifications when approval is required. Multiple access points: notification link, Pipelines Approvals tab (Administrator and Developer perspectives), PipelineRun details window.",create-combined.adoc
142,create,Creating CI/CD pipelines,"When a pipeline reaches an approval gate that lists me as an approver, I want to approve or reject the task via the opc CLI, so I can authorize or block critical deployments from my terminal workflow.",core,Pipeline approver,Operate,user_story,Authorize or reject pipeline execution at approval gates,Download and install opc CLI utility | Be listed as an approver in the approval task | Have cluster access via oc CLI | Have a pipeline run waiting at an approval gate,Monitor pipeline execution via CLI | View pipeline run status | Review deployment changes,Minimize time to view pending approvals | Reduce likelihood of approving wrong task | Ensure approval decisions include optional reason message | Minimize errors in CLI command syntax,Approving a manual approval task by using the command line,"create-combined.adoc -> Approving a manual approval task by using the command line, lines 6145-6209","opc CLI is available in same package as tkn CLI. Supports list, describe, approve, and reject operations. Optional -m parameter for adding approval/rejection message.",create-combined.adoc
143,create,Creating CI/CD pipelines,"When I configure approval tasks with groups and users, I want to understand how the controller tracks individual and group-level approvals, so I can design approval policies that require sign-off from specific roles and teams.",core,DevOps engineer,Configure,user_story,Control pipeline execution with manual approval gates,Enable the manual approval gate controller | Understand approval task configuration | Create required groups with members,Specify approval tasks in pipelines | Design deployment governance policies | Configure role-based access control,Minimize confusion about group approval behavior | Ensure approval policies match organizational requirements | Reduce likelihood of misconfiguring mixed user/group approvals | Understand how individual group member approvals are tracked,Behavior of ApprovalTask with groups and users,"create-combined.adoc -> Behavior of ApprovalTask with groups and users, lines 6218-6286",Controller automatically tracks individual approvals from group members and updates group approval state. Supports complex policies combining individual users and groups.,create-combined.adoc
144,create,Creating CI/CD pipelines,"When building container images in pipelines that require RHEL packages, I want to use Red Hat entitlements, so I can access RHEL repositories during the build process.",core,Pipeline developer,Configure,main_job,,Enable the Insights Operator feature on the OpenShift cluster | Configure importing of Red Hat entitlements into the Insights Operator from Simple Content Access (SCA) | Log in to the OpenShift cluster using the oc CLI,Build container images using Buildah task | Configure pipeline workspaces | Manage secrets across namespaces,Minimize time required to configure entitlement access | Reduce likelihood of build failures due to missing RHEL packages | Ensure entitlements are securely managed across pipeline namespaces | Avoid manual secret management overhead,Using Red Hat entitlements in pipelines,"create-combined.adoc -> Using Red Hat entitlements in pipelines (abstract and overview), lines 6358-6368","This main job has two distinct user stories for different implementation approaches: manual secret copying (simpler, for few namespaces) vs CSI driver (automated, for many namespaces).",create-combined.adoc
145,create,Creating CI/CD pipelines,"When I have a limited number of pipeline namespaces and need RHEL entitlements for builds, I want to manually copy the etc-pki-entitlement secret to each namespace, so I can provide entitlements without additional operator configuration.",core,Pipeline developer,Configure,user_story,Use Red Hat entitlements in pipelines,Install the jq package on your system | Enable the Insights Operator feature | Configure importing of Red Hat entitlements into the Insights Operator | Verify that the etc-pki-entitlement secret exists in the openshift-config-managed namespace,Configure Buildah task to use rhel-entitlement workspace | Define workspaces in pipeline runs | Manage pipeline secrets,Minimize complexity of entitlement setup for simple use cases | Reduce dependencies on additional operators | Ensure entitlement secret is correctly formatted in target namespace | Complete entitlement setup in under 5 minutes for small deployments,Using Red Hat entitlements by manually copying the etc-pki-entitlement secret,"create-combined.adoc -> Using Red Hat entitlements by manually copying the etc-pki-entitlement secret, lines 6412-6493",Recommended when there are a limited number of pipeline namespaces. Requires jq for JSON manipulation.,create-combined.adoc
146,create,Creating CI/CD pipelines,"When I need RHEL entitlements across many pipeline namespaces, I want to automatically share the etc-pki-entitlement secret using the Shared Resources CSI Driver, so I can avoid manual secret copying and ensure consistent entitlement access.",core,Platform engineer,Configure,user_story,Use Red Hat entitlements in pipelines,Log in to the OpenShift cluster as a user with cluster administrator permissions | Enable the Shared Resources CSI Driver operator on the cluster | Enable the Insights Operator feature | Configure importing of Red Hat entitlements into the Insights Operator | Verify that the etc-pki-entitlement secret exists in the openshift-config-managed namespace,Configure RBAC for shared resources | Manage service account permissions for pipelines | Configure Buildah task to use rhel-entitlement workspace,Minimize manual secret management overhead across multiple namespaces | Reduce likelihood of entitlement configuration drift between namespaces | Ensure automatic entitlement availability for new pipeline namespaces | Centralize entitlement secret management,Using Red Hat entitlements by sharing the secret using the Shared Resources CSI driver operator,"create-combined.adoc -> Using Red Hat entitlements by sharing the secret using the Shared Resources CSI driver operator, lines 6501-6628",Requires cluster admin permissions. Recommended when using the Shared Resources CSI Driver. Creates SharedSecret CR with RBAC.,create-combined.adoc
147,create,Creating CI/CD pipelines,"When building CI/CD pipelines, I want to reuse existing pipeline and task definitions from various sources, so I can avoid duplicating code and leverage community-tested solutions.",core,Pipeline developer,Develop,main_job,,,Create pipeline runs | Create task runs | Define custom tasks,Minimize time spent recreating common pipeline tasks | Reduce likelihood of errors from copy-paste mistakes | Ensure access to latest versions of reusable components | Increase pipeline maintainability through centralized definitions,"Specifying remote pipelines, tasks, and step actions using resolvers","create-combined.adoc -> Specifying remote pipelines, tasks, and step actions using resolvers, lines 2176-2181: 'Pipelines and tasks are reusable blocks for your CI/CD processes. You can reuse pipelines or tasks that you developed before, or that were developed by others, without having to copy and paste their definitions.'",Main job covering all resolver types. This is the overarching goal - reusing existing pipeline/task definitions.,create-combined.adoc
148,create,Creating CI/CD pipelines,"When I need community-maintained tasks or pipelines, I want to reference them from public catalogs like Artifact Hub or Tekton Hub, so I can leverage tested solutions without maintaining local copies.",core,Pipeline developer,Reference,user_story,Reuse existing pipeline and task definitions from various sources,,Configure hub resolver settings,Minimize time to find suitable community tasks | Ensure access to well-maintained catalog resources | Reduce storage overhead from duplicating task definitions,"Specifying a remote pipeline, task, or step action from a Tekton catalog","create-combined.adoc -> Specifying a remote pipeline, task, or step action from a Tekton catalog, lines 2230-2232: 'You can use the hub resolver to specify a remote pipeline, task, or StepAction definition from a public Tekton catalog of Artifact Hub or from an instance of Tekton Hub.'",User story for Hub resolver. Focuses on public catalog access.,create-combined.adoc
149,create,Creating CI/CD pipelines,"When setting up my pipeline environment, I want to configure which hub catalog to use as the default source, so I can control where my team pulls reusable tasks from.",core,Platform engineer,Configure,user_story,Reuse existing pipeline and task definitions from various sources,Have cluster-admin or equivalent permissions to edit TektonConfig,Configure custom Tekton Hub instance | Configure Artifact Hub instance,Ensure team uses approved catalog sources | Minimize configuration needed in individual pipeline definitions | Reduce likelihood of pulling tasks from unauthorized sources,Configuring the hub resolver,"create-combined.adoc -> Configuring the hub resolver, lines 2254-2255: 'You can change the default hub for pulling a resource, and the default catalog settings, by configuring the hub resolver.'",Configuration task for platform engineers managing the hub resolver defaults.,create-combined.adoc
150,create,Creating CI/CD pipelines,"When creating a pipeline run or task, I want to reference a specific task or pipeline from a catalog by name and version, so I can use proven community solutions without local duplication.",core,Pipeline developer,Develop,user_story,Reuse existing pipeline and task definitions from various sources,"Know the catalog name, resource name, and version | Hub resolver must be configured",Specify pipeline parameters | Specify task parameters,Minimize YAML configuration needed to reference catalog resources | Ensure version pinning for reproducible builds | Reduce risk of breaking changes from catalog updates,"Specifying a remote pipeline, task, or step action using the hub resolver","create-combined.adoc -> Specifying a remote pipeline, task, or step action using the hub resolver, lines 2296-2299: 'Specify a remote pipeline, task, or step action from Artifact Hub or Tekton Hub by using the hub resolver. When creating a pipeline run, you can specify a remote pipeline from Artifact Hub or Tekton Hub.'",Procedural user story showing how to use hub resolver in practice with specific parameters.,create-combined.adoc
151,create,Creating CI/CD pipelines,"When I need to distribute pipelines and tasks as versioned container images, I want to reference them from OCI registries, so I can leverage existing container infrastructure and version control.",core,Pipeline developer,Reference,user_story,Reuse existing pipeline and task definitions from various sources,,Configure bundles resolver | Manage OCI registry access,Minimize infrastructure needed for task distribution | Ensure pipeline definitions follow same versioning as container images | Reduce complexity by using existing container registry,"Specifying a remote pipeline, task, or step action from a Tekton bundle","create-combined.adoc -> Specifying a remote pipeline, task, or step action from a Tekton bundle, lines 2412-2413: 'You can use the bundles resolver to specify a remote pipeline, task, or StepAction definition from a Tekton bundle. A Tekton bundle is an OCI image available from any OCI repository, such as an OpenShift container repository.'","User story for Bundles resolver, focusing on OCI-based distribution.",create-combined.adoc
152,create,Creating CI/CD pipelines,"When setting up bundle-based task distribution, I want to configure the default service account and resource kind for bundle requests, so I can standardize how my team accesses bundled tasks.",core,Platform engineer,Configure,user_story,Reuse existing pipeline and task definitions from various sources,Have cluster-admin or equivalent permissions to edit TektonConfig,Configure registry credentials | Set up service accounts,Ensure consistent authentication for bundle access | Minimize configuration in individual pipeline definitions | Reduce likelihood of permission errors when accessing bundles,Configuring the bundles resolver,"create-combined.adoc -> Configuring the bundles resolver, lines 2429-2430: 'You can change the default service account name and the default kind for pulling resources from a Tekton bundle by configuring the bundles resolver.'",Configuration task for platform engineers managing bundles resolver.,create-combined.adoc
153,create,Creating CI/CD pipelines,"When creating a pipeline or task, I want to reference a specific version from an OCI bundle by image name, so I can ensure reproducible builds using container-native versioning.",core,Pipeline developer,Develop,user_story,Reuse existing pipeline and task definitions from various sources,Know the OCI bundle URL and resource name | Bundles resolver must be configured | Service account has registry access,Manage container registry credentials | Version container images,Ensure pipeline definitions use specific immutable versions | Minimize risk of unexpected changes from bundle updates | Reduce YAML duplication across pipeline definitions,"Specifying a remote pipeline, task, or step action using the bundles resolver","create-combined.adoc -> Specifying a remote pipeline, task, or step action using the bundles resolver, lines 2460-2461: 'When creating a pipeline run, you can specify a remote pipeline from a Tekton bundle. When creating a pipeline or a task run, you can specify a remote task from a Tekton bundle.'",Procedural user story for using bundles resolver in pipeline/task definitions.,create-combined.adoc
154,create,Creating CI/CD pipelines,"When I need tasks from public Git repositories, I want to reference them directly by repository URL and file path, so I can use version-controlled definitions without authentication overhead.",core,Pipeline developer,Reference,user_story,Reuse existing pipeline and task definitions from various sources,,Configure Git resolver for anonymous access | Specify Git branch or commit,Minimize authentication complexity for public repositories | Ensure pipeline definitions reference specific Git commits for reproducibility | Reduce dependency on catalog services,"Specifying a remote pipeline, task, or step action with anonymous Git cloning","create-combined.adoc -> Specifying a remote pipeline, task, or step action with anonymous Git cloning, lines 2625-2626: 'You can use the Git resolver to access a remote pipeline, task, or StepAction definition from a Git repository. For anonymous access, you can clone repositories with the resolver without needing authentication credentials.'",User story for Git resolver with anonymous access to public repos.,create-combined.adoc
155,create,Creating CI/CD pipelines,"When setting up Git-based task resolution, I want to configure default Git settings like revision and timeout, so I can standardize how my team references Git repositories.",core,Platform engineer,Configure,user_story,Reuse existing pipeline and task definitions from various sources,Have cluster-admin or equivalent permissions to edit TektonConfig,Set network timeout policies | Configure default Git branches,Ensure consistent Git resolution behavior across pipelines | Minimize repeated configuration in pipeline definitions | Reduce likelihood of timeout failures on slow networks,Configuring the Git resolver for anonymous Git cloning,"create-combined.adoc -> Configuring the Git resolver for anonymous Git cloning, lines 2658-2659: 'If you want to use anonymous Git cloning, you can configure the default Git revision, fetch timeout, and default repository URL for pulling remote pipelines and tasks from a Git repository.'",Configuration task for Git resolver anonymous mode.,create-combined.adoc
156,create,Creating CI/CD pipelines,"When creating a pipeline or task, I want to reference a YAML file from a specific Git branch or commit, so I can use version-controlled task definitions with full traceability.",core,Pipeline developer,Develop,user_story,Reuse existing pipeline and task definitions from various sources,"Know the Git repository URL, branch/revision, and file path | Git resolver must be configured for anonymous access",Pin to specific Git commits | Track upstream task changes,Ensure pipeline uses specific Git commit for reproducibility | Minimize risk of breaking changes from upstream repository updates | Reduce YAML duplication by referencing Git sources directly,"Specifying a remote pipeline, task, or step action by using the Git resolver for anonymous cloning","create-combined.adoc -> Specifying a remote pipeline, task, or step action by using the Git resolver for anonymous cloning, lines 2697-2700: 'Specify a remote pipeline, task, or step action from a Git repository by using the Git resolver with anonymous cloning. You can reference remote pipelines, tasks, and StepAction definitions from a Git repository by using anonymous cloning.'",Procedural user story for using Git resolver with anonymous cloning.,create-combined.adoc
157,create,Creating CI/CD pipelines,"When I need tasks from private Git repositories, I want to use authenticated API access with provider-specific credentials, so I can securely reference proprietary or internal task definitions.",core,Pipeline developer,Reference,user_story,Reuse existing pipeline and task definitions from various sources,"Have API credentials for Git provider (GitHub, GitLab, Bitbucket, etc.) | Git resolver configured with SCM provider settings",Manage Git API tokens | Configure SCM provider credentials,Ensure secure access to private repository task definitions | Minimize exposure of credentials in pipeline definitions | Reduce overhead of managing Git clone credentials,"Specifying a remote pipeline, task, or step action with an authenticated Git API","create-combined.adoc -> Specifying a remote pipeline, task, or step action with an authenticated Git API, lines 2776-2777: 'You can use the Git resolver to access a remote pipeline, task, or StepAction definition from a Git repository by using the provider's API with authentication.'",User story for Git resolver with authenticated SCM API access for private repos.,create-combined.adoc
158,create,Creating CI/CD pipelines,"When setting up access to private Git repositories, I want to configure API endpoints and credentials for multiple Git providers, so I can enable my team to reference private task definitions securely.",core,Platform engineer,Configure,user_story,Reuse existing pipeline and task definitions from various sources,Have cluster-admin or equivalent permissions to edit TektonConfig | Have API credentials for Git providers | Have created secrets with API tokens,Create Kubernetes secrets for Git tokens | Configure multiple SCM providers,Ensure secure authenticated access to private repositories | Minimize credential management overhead for developers | Reduce risk of credential exposure in pipeline definitions,Configuring the Git resolver for an authenticated API,"create-combined.adoc -> Configuring the Git resolver for an authenticated API, lines 2792-2793: 'You can configure the authenticated API for a Git repository that the Git resolver accesses by configuring the Git resolver.'",Configuration task for authenticated Git resolver with SCM API.,create-combined.adoc
159,create,Creating CI/CD pipelines,"When creating a pipeline or task from a private repository, I want to reference it using organization and repository names with API authentication, so I can access proprietary task definitions without embedding credentials.",core,Pipeline developer,Develop,user_story,Reuse existing pipeline and task definitions from various sources,"Git resolver configured with SCM provider API settings | Secret created with valid API token for the provider | Know organization, repository, and file path",Manage API token expiration | Reference private task repositories,Ensure secure access to private repository tasks without credential exposure | Minimize authentication configuration in each pipeline | Reduce risk of authentication failures from misconfigured credentials,"Specifying a remote pipeline, task, or step action using the Git resolver with the authenticated SCM API","create-combined.adoc -> Specifying a remote pipeline, task, or step action using the Git resolver with the authenticated SCM API, lines 2898-2899: 'Specify a remote pipeline, task, or step action from a Git repository by using the Git resolver with the authenticated SCM API. You can reference remote pipelines, tasks, and StepAction definitions from a Git repository by using the authenticated SCM API.'",Procedural user story for using authenticated Git resolver with provider API.,create-combined.adoc
160,create,Creating CI/CD pipelines,"When I have task definitions hosted on HTTP endpoints, I want to reference them by URL with optional authentication, so I can integrate tasks from web-hosted sources or internal servers.",core,Pipeline developer,Reference,user_story,Reuse existing pipeline and task definitions from various sources,,Configure HTTP resolver | Manage HTTP basic auth credentials,Minimize infrastructure needed to host shared task definitions | Ensure pipeline can reference tasks from any HTTP-accessible location | Reduce dependency on Git or OCI infrastructure,"Specifying a remote pipeline, task, or step action by using the HTTP resolver","create-combined.adoc -> Specifying a remote pipeline, task, or step action by using the HTTP resolver, lines 3098-3099: 'You can use the HTTP resolver to access a remote pipeline, task, or StepAction definition from a Git repository by using an HTTP or HTTPS URL.'","User story for HTTP resolver, enabling URL-based task references.",create-combined.adoc
161,create,Creating CI/CD pipelines,"When setting up HTTP-based task resolution, I want to configure timeout and default URL settings, so I can standardize how my team accesses web-hosted task definitions.",core,Platform engineer,Configure,user_story,Reuse existing pipeline and task definitions from various sources,Have cluster-admin or equivalent permissions to edit TektonConfig,Configure network timeout policies | Set up HTTP basic auth,Ensure consistent HTTP resolution behavior across pipelines | Minimize timeout failures on slow networks | Reduce configuration duplication in pipeline definitions,Configuring the HTTP resolver,"create-combined.adoc -> Configuring the HTTP resolver, lines 3114-3115: 'You can configure the HTTP timeout setting for pulling a resource from the HTTP URL by configuring the HTTP resolver.'",Configuration task for HTTP resolver settings.,create-combined.adoc
162,create,Creating CI/CD pipelines,"When creating a pipeline or task, I want to reference a YAML definition by HTTPS URL with optional basic authentication, so I can use web-hosted task definitions from internal or external sources.",core,Pipeline developer,Develop,user_story,Reuse existing pipeline and task definitions from various sources,"Know the HTTP/HTTPS URL of the task definition | HTTP resolver must be configured | For authenticated URLs, basic auth credentials must be available",Manage HTTP endpoint availability | Secure HTTP endpoints with TLS,Minimize infrastructure needed for task distribution | Ensure pipeline can fetch tasks from corporate web servers | Reduce dependency on specialized task repositories,"Specifying a remote pipeline, task, or step action  with the HTTP Resolver","create-combined.adoc -> Specifying a remote pipeline, task, or step action with the HTTP Resolver, lines 3140-3141: 'Specify a remote pipeline, task, or step action from an HTTP or HTTPS URL by using the HTTP resolver. You can reference remote pipelines, tasks, and StepAction definitions from an HTTP or HTTPS URL.'",Procedural user story for using HTTP resolver with URL references.,create-combined.adoc
163,create,Creating CI/CD pipelines,"When I need to reference tasks already installed in my cluster, I want to use cluster-local references by namespace and name, so I can reuse cluster-wide shared tasks without external dependencies.",core,Pipeline developer,Reference,user_story,Reuse existing pipeline and task definitions from various sources,,Install cluster tasks in openshift-pipelines namespace | Share tasks across namespaces,Minimize external dependencies for common tasks | Ensure fast task resolution without network calls | Reduce complexity of managing external task sources,"Specifying a pipeline, task, or step action from the same cluster","create-combined.adoc -> Specifying a pipeline, task, or step action from the same cluster, lines 3206-3207: 'You can use the cluster resolver to access a pipeline, task, or StepAction definition that is already created on the same OpenShift cluster in a specific namespace.'","User story for Cluster resolver, focusing on same-cluster task reuse.",create-combined.adoc
164,create,Creating CI/CD pipelines,"When setting up cluster-local task resolution, I want to configure the default namespace and resource kind for cluster task lookups, so I can standardize how my team references shared cluster tasks.",core,Platform engineer,Configure,user_story,Reuse existing pipeline and task definitions from various sources,Have cluster-admin or equivalent permissions to edit TektonConfig,Set up shared task namespace | Deploy standard tasks to cluster,Ensure consistent cluster task lookup behavior | Minimize namespace configuration in pipeline definitions | Reduce likelihood of task not found errors,Configuring the cluster resolver,"create-combined.adoc -> Configuring the cluster resolver, lines 3224-3225: 'You can change the default namespace and the default kind for pulling resources from the cluster by configuring the cluster resolver.'",Configuration task for cluster resolver settings.,create-combined.adoc
165,create,Creating CI/CD pipelines,"When creating a pipeline or task, I want to reference a task from another namespace on my cluster by name and namespace, so I can use cluster-installed shared tasks without duplication.",core,Pipeline developer,Develop,user_story,Reuse existing pipeline and task definitions from various sources,Cluster resolver must be configured | Target task exists in the specified namespace | Service account has RBAC permissions to access the namespace,Configure RBAC for cross-namespace access | Install standard tasks in openshift-pipelines namespace,Minimize task definition duplication across namespaces | Ensure fast task lookup without external network calls | Reduce pipeline YAML size by referencing cluster tasks,"Specifying a pipeline, task, or step action from the same cluster using the cluster resolver","create-combined.adoc -> Specifying a pipeline, task, or step action from the same cluster using the cluster resolver, lines 3262-3263: 'Specify a pipeline, task, or step action from the same cluster by using the cluster resolver. You can reference pipelines, tasks, and StepAction definitions that are already created on the same cluster.'",Procedural user story for using cluster resolver to reference cluster-local tasks.,create-combined.adoc
166,records,Observability in OpenShift Pipelines,"When managing pipeline operations at scale, I want to preserve complete execution history beyond the lifecycle of CRs, so I can maintain long-term observability and compliance without resource bloat.",core,Platform Engineer,Observe,main_job,,,Configure retention policies | Query historical pipeline data | Monitor pipeline performance,Minimize storage overhead from keeping live CRs | Ensure complete audit trail is preserved | Enable historical analysis without performance impact,Using Tekton Results for OpenShift Pipelines observability,"records-combined.adoc -> Assembly header and abstract, lines 59-66",Core observability job - archives PipelineRun and TaskRun information after CR deletion,records-combined.adoc
167,records,Observability in OpenShift Pipelines,"When working with archived pipeline data, I want to understand how results and records are structured, so I can query the correct resources and interpret the data.",related,Pipeline Admin,Reference,user_story,Preserve complete execution history beyond the lifecycle of CRs,,Query results by name | Search records with CEL,Minimize time to locate specific execution data | Reduce errors from querying wrong resource types | Ensure understanding of result vs record distinction,Tekton Results concepts,"records-combined.adoc -> Section 'Tekton Results concepts', lines 74-247","Conceptual understanding - covers results (containers) vs records (individual run data), naming conventions, and data preservation",records-combined.adoc
168,records,Observability in OpenShift Pipelines,"When enabling observability for pipelines, I want to ensure Tekton Results is properly configured, so I can capture the data I need without manual intervention.",core,Platform Engineer,Configure,main_job,,Install OpenShift Pipelines,Configure log forwarding | Set up external database | Define retention policies,Minimize configuration complexity | Ensure all required data is captured | Reduce likelihood of misconfiguration,Configuring Tekton Results,"records-combined.adoc -> Section 'Configuring Tekton Results', lines 256-267",Main configuration job - Tekton Results enabled by default but requires additional configuration for logging,records-combined.adoc
169,records,Observability in OpenShift Pipelines,"When I need to query pipeline run logs after CR deletion, I want to configure log forwarding to LokiStack, so I can preserve and retrieve complete execution logs.",core,Platform Engineer,Configure,user_story,Ensure Tekton Results is properly configured,Install LokiStack using Loki Operator | Install OpenShift Logging Operator,Configure ClusterLogForwarder CR | Edit TektonConfig for Loki integration,Ensure logging information is preserved beyond CR lifecycle | Minimize data loss from deleted runs | Enable log queries through Tekton Results API,Configuring LokiStack forwarding for logging information,"records-combined.adoc -> Section 'Configuring LokiStack forwarding', lines 275-398","Critical for log retention - without this, Tekton Results cannot store or retrieve logging information",records-combined.adoc
170,records,Observability in OpenShift Pipelines,"When preparing for production workloads, I want to connect Tekton Results to an external PostgreSQL database, so I can ensure production-grade capabilities like backups and performance tuning.",core,Platform Engineer,Configure,user_story,Ensure Tekton Results is properly configured,Have external PostgreSQL-compatible database available,Create database credentials secret | Configure database connection parameters,Ensure production-grade database reliability | Enable automated backups and lifecycle management | Reduce risk of data loss from default internal instance,Configuring an external database server,"records-combined.adoc -> Section 'Configuring an external database server', lines 406-454","Production requirement - default internal PostgreSQL is for testing only, lacks production features",records-combined.adoc
171,records,Observability in OpenShift Pipelines,"When managing storage costs and compliance, I want to configure automated retention policies, so I can remove older results without manual intervention while meeting retention requirements.",core,Platform Engineer,Configure,user_story,Ensure Tekton Results is properly configured,,Monitor storage usage | Define retention requirements,Minimize storage resource consumption | Ensure compliance retention periods are met | Reduce manual cleanup operations,Configuring the retention policy for Tekton Results,"records-combined.adoc -> Section 'Configuring the retention policy', lines 462-500",Default is indefinite retention - must configure to prevent unlimited storage growth,records-combined.adoc
172,records,Observability in OpenShift Pipelines,"When monitoring Tekton Results health and performance, I want to track storage latency and deletion metrics, so I can identify performance issues and data loss risks.",core,SRE,Monitor,main_job,,Configure ServiceMonitor for Tekton Results | Have Prometheus Operator deployed,Query metrics with PromQL | Create alerting rules,Minimize time to detect storage failures | Reduce likelihood of undetected data loss | Ensure visibility into deletion timing,Observability metrics for Tekton Results,"records-combined.adoc -> Section 'Observability metrics for Tekton Results', lines 508-603","Metrics exposed by tekton-results-watcher on port 9090 - covers storage performance, failures, deletion duration and count",records-combined.adoc
173,records,Observability in OpenShift Pipelines,"When investigating pipeline execution history, I want to query archived results and records, so I can analyze past runs and troubleshoot issues.",core,Pipeline Admin,Observe,main_job,,Install opc utility (via tkn CLI package) | Configure authentication for Tekton Results API,Search with CEL queries | Retrieve YAML manifests | Access log data,Minimize time to locate specific pipeline runs | Ensure complete execution history is accessible | Reduce dependency on live CRs for investigation,Querying Tekton Results for results and records,"records-combined.adoc -> Section 'Querying Tekton Results for results and records', lines 611-622","Uses opc CLI utility - can query by name, UUID, or CEL expressions",records-combined.adoc
174,records,Observability in OpenShift Pipelines,"When setting up to query Tekton Results, I want to configure the opc utility with API endpoint and authentication, so I can execute queries without repeated credential entry.",consumption,Pipeline Admin,Configure,user_story,Query archived results and records,Install opc utility | Log in to OpenShift cluster,Create authentication token | Configure results.yaml for automation,Minimize authentication friction for queries | Reduce likelihood of authentication errors | Enable automated query workflows,Preparing the opc utility environment for querying Tekton Results,"records-combined.adoc -> Section 'Preparing the opc utility environment', lines 630-683","One-time setup - can use token or service account, optional results.yaml file for automation",records-combined.adoc
175,records,Observability in OpenShift Pipelines,"When I know the specific pipeline run or result I need, I want to retrieve it by name or UUID, so I can quickly access the full YAML manifest and logs.",core,Pipeline Admin,Observe,user_story,Query archived results and records,Configure opc utility environment | Configure log forwarding to LokiStack (for logs),List results in namespace | List records in result,Minimize time to retrieve specific run data | Ensure complete YAML manifest is accessible | Enable log retrieval after CR deletion,Querying for results and records by name,"records-combined.adoc -> Section 'Querying for results and records by name', lines 691-786","Direct lookup by name - format is namespace/results/uuid for results, includes records/uuid for individual records",records-combined.adoc
176,records,Observability in OpenShift Pipelines,"When looking for pipeline runs matching specific criteria, I want to search results using CEL queries, so I can find runs by status, annotations, or other attributes.",core,Pipeline Admin,Observe,user_story,Query archived results and records,Configure opc utility environment,Search for records with CEL | Use CEL reference documentation,Minimize time to find runs matching criteria | Reduce need to inspect individual runs manually | Enable filtering by success/failure status,Searching for results,"records-combined.adoc -> Section 'Searching for results', lines 794-826","CEL queries for results - limited fields compared to records, most relevant info is in records",records-combined.adoc
177,records,Observability in OpenShift Pipelines,"When investigating pipeline behavior patterns, I want to search records using CEL queries on full YAML data, so I can find runs by completion time, labels, task counts, or any manifest field.",core,Pipeline Admin,Observe,user_story,Query archived results and records,Configure opc utility environment,Search for results with CEL | Use CEL reference documentation,"Minimize time to identify runs with specific characteristics | Enable analysis by duration, status, or configuration | Reduce manual inspection of individual records",Searching for records,"records-combined.adoc -> Section 'Searching for records', lines 835-903","CEL queries for records - access to full YAML data enables complex queries on metadata, status, completion times, labels, annotations",records-combined.adoc
178,records,Observability in OpenShift Pipelines,"When constructing CEL queries for results, I want to reference available fields and valid values, so I can build correct queries without trial and error.",related,Pipeline Admin,Reference,user_story,Query archived results and records,,Search for results with CEL,Minimize time to construct valid queries | Reduce query errors from invalid field names | Ensure understanding of summary.status values,Reference information for searching results,"records-combined.adoc -> Section 'Reference information for searching results', lines 912-956","Reference for result CEL queries - limited fields: parent, uid, annotations, summary, create_time, update_time",records-combined.adoc
179,records,Observability in OpenShift Pipelines,"When constructing CEL queries for records, I want to reference available fields and data_type values, so I can query the correct resource types and YAML paths.",related,Pipeline Admin,Reference,user_story,Query archived results and records,,Search for records with CEL,Minimize time to construct valid queries | Reduce query errors from invalid field paths | Ensure understanding of data field structure,Reference information for searching records,"records-combined.adoc -> Section 'Reference information for searching records', lines 964-992","Reference for record CEL queries - data field contains full YAML, can access any manifest element",records-combined.adoc
180,records,Observability in OpenShift Pipelines,"When I prefer to work with run names rather than result UUIDs, I want to query by PipelineRun and TaskRun names, so I can use familiar identifiers from my workflow.",core,Developer,Observe,main_job,,Configure opc utility with results config set,Query by result/record names | List runs by namespace or pipeline,Minimize cognitive overhead of UUID-based queries | Enable queries using familiar run names | Reduce time to find specific runs,Querying results and logs by the names of pipeline runs and task runs,"records-combined.adoc -> Section 'Querying results and logs by the names of pipeline runs and task runs', lines 1005-1029","Technology Preview feature - different opc configuration required, uses run names instead of result UUIDs",records-combined.adoc
181,records,Observability in OpenShift Pipelines,"When setting up name-based queries, I want to configure opc with the Tekton Results host and token, so I can query by run names instead of UUIDs.",consumption,Developer,Configure,user_story,Query by PipelineRun and TaskRun names,Install opc utility | Log in to OpenShift cluster,Create authentication token,Minimize configuration complexity | Enable persistent authentication configuration | Reduce friction for name-based queries,Configuring the opc utility for querying results by pipeline run and task run names,"records-combined.adoc -> Section 'Configuring the opc utility for querying results by pipeline run and task run names', lines 1037-1101","Uses 'opc results config set' - different from UUID-based configuration, uses host instead of address",records-combined.adoc
182,records,Observability in OpenShift Pipelines,"When exploring pipeline execution history, I want to list pipeline runs by namespace or pipeline name, so I can identify runs of interest before retrieving details.",core,Developer,Observe,user_story,Query by PipelineRun and TaskRun names,Configure opc for name-based queries,Filter by labels | View pipeline run details,Minimize time to find relevant pipeline runs | Enable filtering by pipeline name or labels | Reduce need to inspect individual runs,Viewing a list of pipeline run names and identifiers,"records-combined.adoc -> Section 'Viewing a list of pipeline run names and identifiers', lines 1109-1159","Supports pagination with --limit and --single-page, can filter by labels/annotations",records-combined.adoc
183,records,Observability in OpenShift Pipelines,"When investigating task execution history, I want to list task runs by namespace or pipeline run, so I can identify specific task executions for analysis.",core,Developer,Observe,user_story,Query by PipelineRun and TaskRun names,Configure opc for name-based queries,Filter by labels | View task run details,Minimize time to find specific task runs | Enable filtering by pipeline run association | Reduce manual searching across task runs,Viewing a list of task run names and identifiers,"records-combined.adoc -> Section 'Viewing a list of task run names and identifiers', lines 1166-1223",Can list all task runs in namespace or filter by pipeline run with --pipelinerun,records-combined.adoc
184,records,Observability in OpenShift Pipelines,"When analyzing pipeline run outcomes, I want to view descriptions, manifests, and logs by run name, so I can understand execution details and troubleshoot failures.",core,Developer,Troubleshoot,user_story,Query by PipelineRun and TaskRun names,Configure opc for name-based queries | Have pipeline run name or UUID,View task run results | Query logs,Minimize time to access pipeline run details | Enable quick troubleshooting with logs | Reduce need for multiple query commands,Viewing result information for a pipeline run,"records-combined.adoc -> Section 'Viewing result information for a pipeline run', lines 1232-1331","Three commands: describe (summary), describe --output yaml (manifest), logs (execution logs) - note that pipeline logs don't include task run logs",records-combined.adoc
185,records,Observability in OpenShift Pipelines,"When troubleshooting task failures, I want to view task run descriptions, manifests, and logs by run name, so I can diagnose issues at the task level.",core,Developer,Troubleshoot,user_story,Query by PipelineRun and TaskRun names,Configure opc for name-based queries | Have task run name or UUID | Configure log forwarding to LokiStack (for logs),View pipeline run results | List task runs by pipeline,Minimize time to diagnose task failures | Enable log access after CR deletion | Reduce troubleshooting complexity,Viewing result information for a task run,"records-combined.adoc -> Section 'Viewing result information for a task run', lines 1339-1421","Three commands: describe (summary), describe --output yaml (manifest), logs (execution logs) - requires LokiStack for logs",records-combined.adoc
186,records,Observability in OpenShift Pipelines,"When using opc CLI frequently, I want to use short parameter names, so I can execute queries faster with less typing.",related,Developer,Reference,user_story,Query by PipelineRun and TaskRun names,,,Minimize typing for common queries | Reduce command entry time | Enable faster workflow iteration,Short names for command-line arguments,"records-combined.adoc -> Section 'Short names for command-line arguments', lines 1429-1447","Reference for CLI shortcuts - pr for pipelinerun, tr for taskrun, desc for describe",records-combined.adoc
187,records,Observability in OpenShift Pipelines,"When managing database storage and compliance, I want to understand how the retention policy agent works, so I can configure appropriate retention rules and avoid data loss or excess storage.",core,Platform Engineer,Administer,main_job,,,Configure retention policies | Monitor storage usage,Minimize risk of unintended data deletion | Ensure compliance retention periods are enforced | Reduce storage costs from unlimited retention,Understanding the Tekton Results retention policy,"records-combined.adoc -> Section 'Understanding the Tekton Results retention policy', lines 1449-1506",Retention policy determines when results/records are pruned - configured via config map with defaultRetention and fine-grained policies,records-combined.adoc
188,records,Observability in OpenShift Pipelines,"When different pipelines have different retention requirements, I want to define policies by namespace, labels, status, or annotations, so I can retain critical data longer while purging transient runs.",core,Platform Engineer,Configure,user_story,Understand how retention policy agent works,,Configure default retention | Monitor retention policy execution,Minimize storage for non-critical runs | Ensure critical failures are retained longer | Reduce manual retention management,Fine-grained retention policies,"records-combined.adoc -> Section 'Fine-grained retention policies', lines 1537-1621","Policies evaluated in order, first match wins - can target by namespace, labels, annotations, status with custom retention periods",records-combined.adoc
189,pac,Pipelines as Code,"When I need to implement GitOps-driven CI/CD for my applications, I want to understand how Pipelines as Code works, so I can determine if it meets my automation requirements.",core,Platform Administrator,Get Started,main_job,,,Install Pipelines as Code | Configure Git repository integration,Minimize time to understand PaC capabilities | Reduce uncertainty about GitOps integration options | Ensure the solution supports my Git provider,About Pipelines as Code,"pac-combined.adoc -> About Pipelines as Code, lines 59-118",Main job covering initial understanding of PaC concepts and capabilities,pac
190,pac,Pipelines as Code,"When evaluating Pipelines as Code, I want to review the key features and capabilities, so I can assess whether it supports my CI/CD workflow requirements.",core,DevOps Engineer,Get Started,user_story,"When I need to implement GitOps-driven CI/CD for my applications, I want to understand how Pipelines as Code works, so I can determine if it meets my automation requirements.",,Configure GitHub App | Set up webhooks,Ensure support for pull request status checks | Verify automatic task resolution capability | Confirm Git event filtering support,Key features,"pac-combined.adoc -> Key features, lines 70-84",User story for feature evaluation,pac
191,pac,Pipelines as Code,"When I start working with Pipelines as Code, I want to understand the core concepts like Repository CR and .tekton directory structure, so I can plan my implementation correctly.",core,Application Developer,Get Started,user_story,"When I need to implement GitOps-driven CI/CD for my applications, I want to understand how Pipelines as Code works, so I can determine if it meets my automation requirements.",,Create Repository CR | Define pipeline runs in .tekton directory,Minimize configuration errors | Ensure proper namespace mapping | Understand PaC resolver behavior,Pipelines as Code concepts,"pac-combined.adoc -> Pipelines as Code concepts, lines 91-118","Covers Repository CR, .tekton directory, and PaC resolver concepts",pac
192,pac,Pipelines as Code,"When I need to enable Pipelines as Code functionality, I want to install it on my OpenShift cluster, so I can start using GitOps-driven pipelines.",consumption,Platform Administrator,Configure,main_job,,Install OpenShift Pipelines Operator,Customize PaC configuration | Configure Git provider integration,Minimize installation time | Ensure PaC is correctly deployed in openshift-pipelines namespace | Avoid installation errors,Installing Pipelines as Code on an OpenShift cluster,"pac-combined.adoc -> Installing Pipelines as Code, lines 196-267",Main installation job,pac
193,pac,Pipelines as Code,"When I need to disable the default Pipelines as Code installation, I want to set the enable parameter to false in TektonConfig, so I can control when PaC is active.",related,Platform Administrator,Configure,user_story,"When I need to enable Pipelines as Code functionality, I want to install it on my OpenShift cluster, so I can start using GitOps-driven pipelines.",OpenShift Pipelines Operator installed,Enable PaC after initial setup,Ensure precise control over PaC activation | Prevent unwanted PaC deployment,Installing Pipelines as Code on an OpenShift cluster,"pac-combined.adoc -> Installing Pipelines as Code, lines 204-234",Alternative configuration for controlled deployment,pac
194,pac,Pipelines as Code,"When I need to manage Pipelines as Code from my local machine, I want to install the tkn pac CLI tool, so I can bootstrap repositories and manage PaC resources.",consumption,DevOps Engineer,Configure,user_story,"When I need to enable Pipelines as Code functionality, I want to install it on my OpenShift cluster, so I can start using GitOps-driven pipelines.",OpenShift Pipelines installed,Bootstrap GitHub App | Create Repository CR,Minimize setup time for local development | Ensure CLI is available on all platforms | Enable interactive PaC management,Installing Pipelines as Code CLI,"pac-combined.adoc -> Installing Pipelines as Code CLI, lines 276-334",Covers CLI installation for various platforms,pac
195,pac,Pipelines as Code,"When I need to customize Pipelines as Code behavior, I want to configure parameters in the TektonConfig CR, so I can adjust settings like application name, remote tasks, and webhook behavior.",core,Platform Administrator,Configure,main_job,,Install Pipelines as Code,Configure GitHub App settings | Set up error detection,Minimize configuration errors | Ensure settings match organizational policies | Enable necessary features while maintaining security,Customizing Pipelines as Code configuration,"pac-combined.adoc -> Customizing Pipelines as Code configuration, lines 342-397",Main job for PaC customization via TektonConfig,pac
196,pac,Pipelines as Code,"When I need to use multiple GitHub Apps with Pipelines as Code, I want to configure additional PaC controllers, so I can support different GitHub organizations or instances.",core,Platform Administrator,Configure,user_story,"When I need to customize Pipelines as Code behavior, I want to configure parameters in the TektonConfig CR, so I can adjust settings like application name, remote tasks, and webhook behavior.",Main PaC controller configured,Create GitHub App for each controller | Create secrets for additional controllers,Minimize complexity in multi-org setups | Ensure each controller operates independently | Support multiple GitHub instances,Configuring additional Pipelines as Code controllers,"pac-combined.adoc -> Configuring additional PaC controllers, lines 406-442",Advanced configuration for multiple GitHub App support,pac
197,pac,Pipelines as Code,"When I need to integrate Pipelines as Code with GitHub, I want to configure a GitHub App using the tkn CLI, so I can automate the setup process.",core,Platform Administrator,Configure,main_job,,Install tkn pac CLI | Cluster administrator access,Verify GitHub App configuration | Install GitHub App on repositories,Minimize manual configuration steps | Reduce setup time | Avoid configuration errors,Configure a GitHub App using the command line interface,"pac-combined.adoc -> Configure a GitHub App using CLI, lines 570-612",Main job for GitHub App setup via CLI,pac
198,pac,Pipelines as Code,"When I prefer using the web console for configuration, I want to create a GitHub App through the Administrator perspective, so I can set up PaC integration with a guided UI.",core,Platform Administrator,Configure,user_story,"When I need to integrate Pipelines as Code with GitHub, I want to configure a GitHub App using the tkn CLI, so I can automate the setup process.",OpenShift Pipelines Operator installed,Verify GitHub App in web console,Reduce configuration complexity for UI users | Ensure correct GitHub App permissions | Enable visual confirmation of setup,Create a GitHub App in administrator perspective,"pac-combined.adoc -> Create GitHub App in administrator perspective, lines 621-657",Alternative UI-based approach to GitHub App creation,pac
199,pac,Pipelines as Code,"When I need fine-grained control over GitHub App configuration or need to configure additional PaC controllers, I want to manually create a GitHub App and secret, so I can customize all settings precisely.",core,Platform Administrator,Configure,user_story,"When I need to integrate Pipelines as Code with GitHub, I want to configure a GitHub App using the tkn CLI, so I can automate the setup process.",GitHub account with app creation permissions | Cluster administrator access,Generate webhook secret | Configure app permissions | Install app on repositories,Ensure complete control over app settings | Enable configuration for additional controllers | Support GitHub Enterprise instances,Configure a GitHub App manually,"pac-combined.adoc -> Configure GitHub App manually, lines 666-767",Manual configuration for advanced scenarios and additional controllers,pac
200,pac,Pipelines as Code,"When my pipeline needs to access multiple repositories, I want to scope the GitHub token to additional repositories, so I can fetch tasks or code from private repositories outside the main repository.",core,DevOps Engineer,Secure,main_job,,GitHub App configured | Repository CR created,Configure global token scoping | Configure repository-level scoping,Minimize security risks while enabling necessary access | Ensure tokens work across required repositories | Avoid access denied errors in pipelines,Scope the GitHub token to additional repositories,"pac-combined.adoc -> Scope GitHub token, lines 776-895",Main job for token scoping to enable cross-repo access,pac
201,pac,Pipelines as Code,"When I cannot create a GitHub App, I want to use Pipelines as Code with GitHub Webhook, so I can still integrate PaC with my GitHub repositories.",core,Platform Administrator,Configure,user_story,"When I need to integrate Pipelines as Code with GitHub, I want to configure a GitHub App using the tkn CLI, so I can automate the setup process.",PaC installed | Personal access token created,Configure webhook manually | Create Repository CR with webhook secret,Enable PaC when GitHub App is not available | Minimize setup complexity | Ensure pipeline status is reported,Use Pipelines as Code with GitHub Webhook,"pac-combined.adoc -> Use PaC with GitHub Webhook, lines 904-1132",Alternative integration method when GitHub App is not available,pac
202,pac,Pipelines as Code,"When my organization uses GitLab, I want to integrate Pipelines as Code with GitLab webhooks, so I can use PaC with GitLab repositories.",core,Platform Administrator,Configure,main_job,,PaC installed | GitLab personal access token,Configure GitLab webhook | Create Repository CR for GitLab,Enable PaC for GitLab repositories | Minimize integration complexity | Ensure merge request status is reported,Use Pipelines as Code with GitLab,"pac-combined.adoc -> Use PaC with GitLab, lines 1141-1339",Main job for GitLab integration,pac
203,pac,Pipelines as Code,"When my organization uses Bitbucket Cloud, I want to integrate Pipelines as Code with Bitbucket webhooks, so I can use PaC with Bitbucket repositories.",core,Platform Administrator,Configure,main_job,,PaC installed | Bitbucket app password,Configure Bitbucket webhook | Create Repository CR for Bitbucket,Enable PaC for Bitbucket Cloud repositories | Minimize integration complexity | Ensure pull request status is reported,Use Pipelines as Code with Bitbucket Cloud,"pac-combined.adoc -> Use PaC with Bitbucket Cloud, lines 1348-1588",Main job for Bitbucket Cloud integration,pac
204,pac,Pipelines as Code,"When my organization uses Bitbucket Data Center, I want to integrate Pipelines as Code with Bitbucket webhooks, so I can use PaC with self-hosted Bitbucket repositories.",core,Platform Administrator,Configure,main_job,,PaC installed | Bitbucket personal access token,Configure Bitbucket webhook | Create Repository CR for Bitbucket,Enable PaC for Bitbucket Data Center repositories | Minimize integration complexity | Ensure pull request status is reported,Use Pipelines as Code with Bitbucket Data Center,"pac-combined.adoc -> Use PaC with Bitbucket Data Center, lines 1598-1738",Main job for Bitbucket Data Center integration,pac
205,pac,Pipelines as Code,"When my Git repository uses custom certificates, I want to configure PaC to trust these certificates, so I can integrate with privately signed or self-hosted Git providers.",related,Platform Administrator,Secure,user_story,"When I need to integrate Pipelines as Code with GitHub, I want to configure a GitHub App using the tkn CLI, so I can automate the setup process.",OpenShift Pipelines Operator installed,Configure cluster proxy settings,Enable PaC to connect to private Git servers | Avoid SSL certificate errors | Ensure secure communication,Configure custom certificates for Pipelines as Code,"pac-combined.adoc -> Configure custom certificates, lines 1747-1758",Certificate configuration for private Git providers,pac
206,pac,Pipelines as Code,"When I need to use Pipelines as Code with private repositories, I want PaC to automatically create git auth secrets, so I can clone private repositories in my pipeline runs.",core,Application Developer,Deploy,user_story,"When I need to create pipeline runs triggered by Git events, I want to define pipeline run definitions in the .tekton directory, so I can automate my CI/CD workflow.",Repository CR configured | GitHub App or webhook configured,Reference git-clone task | Configure workspace in pipeline run,Minimize authentication setup for private repos | Ensure automatic secret management | Enable seamless private repository access,Private repository support in Pipelines as Code,"pac-combined.adoc -> Private repository support, lines 1767-1821",Automatic authentication for private repositories,pac
207,pac,Pipelines as Code,"When I want to connect a Git repository to Pipelines as Code, I want to create a Repository CR in my namespace, so I can enable PaC to process events from this repository.",core,Application Developer,Configure,main_job,,PaC configured for Git provider | Target namespace created,Configure webhook or GitHub App | Define pipeline runs in .tekton directory,Minimize setup time for new repositories | Ensure PaC matches events to correct namespace | Avoid namespace targeting errors,Creating the Repository custom resource,"pac-combined.adoc -> Creating Repository CR, lines 1911-1939",Main job for Repository CR creation,pac
208,pac,Pipelines as Code,"When I want to define default settings for all Repository CRs, I want to create a global Repository CR in the openshift-pipelines namespace, so I can apply common configuration across all repositories.",related,Platform Administrator,Configure,user_story,"When I want to connect a Git repository to Pipelines as Code, I want to create a Repository CR in my namespace, so I can enable PaC to process events from this repository.",Administrator access to openshift-pipelines namespace,Configure common secrets | Set default Git provider settings,Minimize repetitive configuration | Ensure consistent settings across repositories | Reduce individual Repository CR complexity,Creating the global Repository custom resource,"pac-combined.adoc -> Creating global Repository CR, lines 1948-2000",Technology Preview feature for global defaults,pac
209,pac,Pipelines as Code,"When I need to control resource usage for pipeline runs, I want to set concurrency limits in the Repository CR, so I can prevent too many pipeline runs from executing simultaneously.",core,Platform Administrator,Operate,user_story,"When I want to connect a Git repository to Pipelines as Code, I want to create a Repository CR in my namespace, so I can enable PaC to process events from this repository.",Repository CR created,Monitor pipeline run queue | Adjust limits based on usage,Minimize cluster resource contention | Ensure fair resource allocation | Prevent pipeline run failures due to resource exhaustion,Setting concurrency limits in Repository CRD,"pac-combined.adoc -> Setting concurrency limits, lines 2008-2031",Concurrency control for pipeline runs,pac
210,pac,Pipelines as Code,"When I need to enhance security by preventing malicious pipeline definitions, I want to configure pipelinerun_provenance to use the default branch, so I can ensure only reviewed pipeline definitions execute.",core,Platform Administrator,Secure,user_story,"When I want to connect a Git repository to Pipelines as Code, I want to create a Repository CR in my namespace, so I can enable PaC to process events from this repository.",Repository CR created,Review pipeline definitions in main branch | Enforce merge review process,Minimize risk of malicious code execution | Ensure all pipeline changes are reviewed | Prevent unauthorized pipeline modifications,Changing source branch in Repository CRD,"pac-combined.adoc -> Changing source branch, lines 2040-2064",Security-focused configuration for pipeline provenance,pac
211,pac,Pipelines as Code,"When I need to customize pipeline runs with administrator-managed values, I want to use custom parameters in the Repository CR, so I can pass configuration without modifying pipeline definitions in Git.",related,Platform Administrator,Configure,user_story,"When I want to connect a Git repository to Pipelines as Code, I want to create a Repository CR in my namespace, so I can enable PaC to process events from this repository.",Repository CR created | Pipeline run definitions using parameters,Reference parameters in pipeline runs | Store sensitive values in secrets,Enable flexible parameter injection | Avoid hardcoding environment-specific values | Support different configurations per environment,Custom parameter expansion,"pac-combined.adoc -> Custom parameter expansion, lines 2073-2140",Advanced parameter passing for centralized configuration,pac
212,pac,Pipelines as Code,"When I need to create pipeline runs triggered by Git events, I want to define pipeline run definitions in the .tekton directory, so I can automate my CI/CD workflow.",core,Application Developer,Deploy,main_job,,PaC configured with Git provider | Repository CR created | .tekton directory in repository,Match pipeline runs to events | Use dynamic variables | Reference remote tasks,Minimize time to create working pipeline runs | Ensure pipeline runs trigger on correct events | Enable reusable pipeline definitions,Creating a pipeline run in Pipelines as Code,"pac-combined.adoc -> Creating a pipeline run, lines 2216-2377",Main job for pipeline run creation,pac
213,pac,Pipelines as Code,"When I create pipeline runs, I want to use dynamic variables for commit and repository information, so I can create reusable pipeline definitions that work across different events.",related,Application Developer,Deploy,user_story,"When I need to create pipeline runs triggered by Git events, I want to define pipeline run definitions in the .tekton directory, so I can automate my CI/CD workflow.",Pipeline run definition created,Use repo_url variable | Use revision variable | Use git_auth_secret variable,Minimize pipeline run duplication | Ensure correct commit context is used | Enable template-based pipeline definitions,Dynamic variables in pipeline run specification,"pac-combined.adoc -> Dynamic variables, lines 2387-2454",Variable substitution for context-aware pipelines,pac
214,pac,Pipelines as Code,"When I need to reuse tasks across repositories, I want to use PaC resolver annotations to reference remote tasks, so I can avoid duplicating task definitions.",core,Application Developer,Deploy,user_story,"When I need to create pipeline runs triggered by Git events, I want to define pipeline run definitions in the .tekton directory, so I can automate my CI/CD workflow.",Pipeline run definition created,Reference tasks from Tekton Hub | Reference tasks from HTTP URLs | Reference local task files,Minimize task definition duplication | Enable task reuse across repositories | Ensure latest task versions are used,Pipelines as Code resolver annotations,"pac-combined.adoc -> PaC resolver annotations, lines 2463-2644",Remote task and pipeline resolution,pac
215,pac,Pipelines as Code,"When I create pipeline runs, I want to add annotations that match specific Git events, so I can control when each pipeline run executes.",core,Application Developer,Deploy,user_story,"When I need to create pipeline runs triggered by Git events, I want to define pipeline run definitions in the .tekton directory, so I can automate my CI/CD workflow.",Pipeline run definition created,Match pull request events | Match push events | Match comment events | Use CEL expressions for advanced matching,Ensure pipelines run only for relevant events | Minimize unnecessary pipeline executions | Support complex event matching scenarios,Annotations for matching events to a pipeline run,"pac-combined.adoc -> Annotations for matching events, lines 2653-2870","Event matching annotations including pull_request, push, and comment",pac
216,pac,Pipelines as Code,"When I need to run pipelines only for specific file changes or labels, I want to add filtering annotations to pipeline runs, so I can avoid running pipelines for irrelevant changes.",core,Application Developer,Deploy,user_story,"When I need to create pipeline runs triggered by Git events, I want to define pipeline run definitions in the .tekton directory, so I can automate my CI/CD workflow.",Pipeline run definition with event matching,Filter by changed paths | Exclude specific paths | Filter by pull request labels,Minimize unnecessary pipeline runs | Reduce CI/CD resource usage | Ensure pipelines run only for relevant changes,Annotations for filtering events matched to a pipeline run,"pac-combined.adoc -> Annotations for filtering events, lines 2879-2983",Path-based and label-based filtering,pac
217,pac,Pipelines as Code,"When rapid commits happen on a pull request, I want to enable automatic cancellation of older pipeline runs, so I can prevent excessive resource consumption from concurrent runs.",core,Application Developer,Operate,user_story,"When I need to create pipeline runs triggered by Git events, I want to define pipeline run definitions in the .tekton directory, so I can automate my CI/CD workflow.",Pipeline run definition created,Configure global cancellation settings,Minimize cluster resource waste | Ensure latest commits are tested first | Reduce pipeline run queue length,Annotations for automatic cancellation-in-progress,"pac-combined.adoc -> Annotations for cancellation-in-progress, lines 2992-3044",Technology Preview feature for automatic cancellation,pac
218,pac,Pipelines as Code,"When I create or modify a pipeline run definition, I want to verify that the PaC resolver processes it correctly, so I can catch errors before committing to Git.",related,Application Developer,Deploy,user_story,"When I need to create pipeline runs triggered by Git events, I want to define pipeline run definitions in the .tekton directory, so I can automate my CI/CD workflow.",tkn CLI installed | Pipeline run definition file created,Fix resolver errors | Test dynamic variable substitution,Minimize runtime errors | Catch missing task references early | Ensure correct resource resolution,Verifying a pipeline run,"pac-combined.adoc -> Verifying a pipeline run, lines 3130-3153",Local verification using tkn pac resolve,pac
219,pac,Pipelines as Code,"When Git events occur on my repository, I want Pipelines as Code to automatically run matching pipeline runs, so I can execute CI/CD workflows without manual intervention.",core,Application Developer,Deploy,main_job,,Repository CR configured | Pipeline run definitions in .tekton directory | Git provider integration configured,Monitor pipeline run execution | View pipeline logs | Check run status,Ensure pipelines run automatically on events | Minimize manual pipeline triggering | Enable continuous integration,Running a pipeline run using Pipelines as Code,"pac-combined.adoc -> Running a pipeline run, lines 3162-3200",Main job for automatic pipeline execution,pac
220,pac,Pipelines as Code,"When I create or reference a Git tag for a release, I want to trigger pipeline runs on the tagged commit, so I can test or deploy specific versions of my code.",core,DevOps Engineer,Deploy,user_story,"When Git events occur on my repository, I want Pipelines as Code to automatically run matching pipeline runs, so I can execute CI/CD workflows without manual intervention.",Pipeline run configured for tag events | GitHub App or GitLab webhook configured,Use GitOps commands on tagged commits | Configure tag event annotations,Enable version-based testing and deployment | Support release workflows | Ensure consistent artifact validation,Triggering PipelineRun on Git tags,"pac-combined.adoc -> Triggering PipelineRun on Git tags, lines 3209-3279",Tag-based triggering for release workflows,pac
221,pac,Pipelines as Code,"When I need to retry failed pipelines or cancel running pipelines, I want to use comments or GitHub App features, so I can control pipeline execution without new commits.",core,Application Developer,Operate,main_job,,Pipeline run exists | Appropriate repository permissions,Use /retest comment | Use /cancel comment | Use Re-run all checks,Minimize unnecessary commits for testing | Enable quick pipeline retries | Reduce wasted cluster resources,Restarting or canceling a pipeline run,"pac-combined.adoc -> Restarting or canceling pipeline run, lines 3287-3375",Main job for pipeline run lifecycle control,pac
222,pac,Pipelines as Code,"When pipeline runs execute, I want to monitor their status through various channels, so I can identify failures and track progress.",core,Application Developer,Monitor,main_job,,Pipeline run created and running,View status in GitHub Checks | View log error snippets | Check Repository CR status | Review Kubernetes events,Minimize time to identify failures | Ensure clear error reporting | Enable quick debugging,Monitoring pipeline run status,"pac-combined.adoc -> Monitoring pipeline run status, lines 3384-3468",Main job for pipeline run monitoring across multiple interfaces,pac
223,pac,Pipelines as Code,"When pipeline runs accumulate in my namespace, I want to automatically clean up old runs, so I can manage storage and keep the namespace tidy.",related,Application Developer,Operate,user_story,"When Git events occur on my repository, I want Pipelines as Code to automatically run matching pipeline runs, so I can execute CI/CD workflows without manual intervention.",Pipeline run with max-keep-runs annotation,Configure retention limits | Review cleanup policy,Minimize namespace clutter | Reduce storage usage | Ensure important runs are retained,Cleaning up pipeline runs,"pac-combined.adoc -> Cleaning up pipeline runs, lines 3485-3506",Automatic cleanup based on retention annotations,pac
224,pac,Pipelines as Code,"When I need to trigger pipeline runs programmatically without Git events, I want to use incoming webhooks with a shared secret, so I can integrate PaC with external systems.",related,DevOps Engineer,Deploy,user_story,"When Git events occur on my repository, I want Pipelines as Code to automatically run matching pipeline runs, so I can execute CI/CD workflows without manual intervention.",Repository CR with incoming webhook configuration | Shared secret created,Configure external systems to call webhook | Monitor webhook-triggered runs,Enable external system integration | Minimize complexity of programmatic triggering | Ensure secure webhook access,Using incoming webhook with Pipelines as Code,"pac-combined.adoc -> Using incoming webhook, lines 3515-3577",Programmatic triggering via webhook URL,pac
225,pac,Pipelines as Code,"When I need to manage Pipelines as Code from the command line, I want to use the tkn pac CLI tool, so I can bootstrap, create repositories, and troubleshoot PaC.",core,DevOps Engineer,Reference,main_job,,tkn pac CLI installed,Bootstrap GitHub App | Create repositories | Resolve pipeline runs | List repositories,Minimize time for common PaC operations | Enable scripting and automation | Provide quick access to PaC functions,Pipelines as Code command reference,"pac-combined.adoc -> PaC command reference, lines 3660-3904",Main job for CLI-based PaC management,pac
226,pac,Pipelines as Code,"When I need to troubleshoot Pipelines as Code issues, I want to configure logging levels for PaC components, so I can get detailed diagnostic information.",related,Platform Administrator,Troubleshoot,user_story,"When I need to manage Pipelines as Code from the command line, I want to use the tkn pac CLI tool, so I can bootstrap, create repositories, and troubleshoot PaC.",Administrator access to TektonConfig CR,Review PaC controller logs | Adjust log levels for components,Minimize debugging time | Ensure sufficient logging detail | Reduce log noise in production,Configuring Pipelines as Code logging,"pac-combined.adoc -> Configuring PaC logging, lines 3914-4061",Logging configuration via TektonConfig CR,pac
227,pac,Pipelines as Code,"When I need to isolate logs for a specific namespace, I want to filter PaC logs by namespace, so I can focus on relevant log entries.",related,Platform Administrator,Troubleshoot,user_story,"When I need to manage Pipelines as Code from the command line, I want to use the tkn pac CLI tool, so I can bootstrap, create repositories, and troubleshoot PaC.",Access to PaC controller logs,Use grep to filter logs | Identify namespace-specific issues,Minimize time to find relevant logs | Enable focused troubleshooting | Reduce log analysis complexity,Splitting Pipelines as Code logs by namespace,"pac-combined.adoc -> Splitting logs by namespace, lines 4070-4082",Log filtering technique for namespace isolation,pac
228,secure,Securing OpenShift Pipelines,"When I need to ensure supply chain security for my CI/CD pipelines, I want to automatically sign and verify task runs and pipeline runs, so I can prove the integrity and provenance of my software artifacts.",core,Security engineer,Secure,main_job,,,Configure Tekton Chains | Authenticate to OCI registry | Generate signing keys,Minimize risk of supply chain attacks | Ensure cryptographic proof of artifact integrity | Enable compliance with security policies | Reduce manual verification effort,Using Tekton Chains for OpenShift Pipelines supply chain security,"secure-combined.adoc -> 'Using Tekton Chains for OpenShift Pipelines supply chain security', lines 58-78. Key quote: 'You can use it to manage the supply chain security of the tasks and pipelines created using {pipelines-title}. By default, {tekton-chains} observes all task run executions... takes a snapshot... converts the snapshot to one or more standard payload formats, and finally signs and stores all artifacts.'",,secure-combined.adoc
229,secure,Securing OpenShift Pipelines,"When I need to customize Tekton Chains behavior for my organization, I want to modify configuration parameters via the TektonConfig custom resource, so I can control artifact formats, storage backends, and signing methods.",core,Cluster administrator,Configure,main_job,,Install OpenShift Pipelines Operator,Configure storage backends | Configure signing schemes | Set transparency options,Minimize configuration complexity | Ensure configuration changes apply automatically | Reduce likelihood of misconfiguration | Enable standardized security controls across namespaces,Configuring Tekton Chains,"secure-combined.adoc -> 'Configuring Tekton Chains', lines 85-112. Key quote: 'The {pipelines-title} Operator installs {tekton-chains} by default. You can configure {tekton-chains} by modifying the TektonConfig custom resource; the Operator automatically applies the changes that you make in this custom resource.'",,secure-combined.adoc
230,secure,Securing OpenShift Pipelines,"As a cluster administrator, when I need to modify Tekton Chains configuration, I want to edit the TektonConfig custom resource via oc edit command, so I can apply changes without manual pod restarts.",core,Cluster administrator,Configure,user_story,Customize Tekton Chains behavior for my organization,Have cluster-admin privileges | Have oc CLI installed,,Complete configuration changes in under 5 minutes | Avoid manual intervention for applying changes,Configuring Tekton Chains,"secure-combined.adoc -> 'Configuring Tekton Chains', lines 91-96. Key quote: 'To edit the custom resource, use the following command: $ oc edit TektonConfig config'",,secure-combined.adoc
231,secure,Securing OpenShift Pipelines,"When I need to control how task run signatures are stored, I want to configure artifact format, storage backend, and signature backend parameters, so I can align with my organization's security and storage policies.",core,Security engineer,Configure,user_story,Customize Tekton Chains behavior for my organization,"Understand in-toto and SLSA formats | Know available storage backends (tekton, oci, gcs, docdb, grafeas)",Configure pipeline run artifacts | Configure OCI artifacts,Ensure task run artifacts comply with SLSA specification | Reduce storage costs by selecting appropriate backend | Minimize integration effort with existing security infrastructure,Supported parameters for Tekton Chains configuration - task run artifacts,"secure-combined.adoc -> 'Supported parameters for task run artifacts', lines 122-155. Key quote: 'artifacts.taskrun.format: The format for storing task run payloads (in-toto, slsa/v1). artifacts.taskrun.storage: The storage backend for task run signatures (tekton, oci, gcs, docdb, grafeas). artifacts.taskrun.signer: The signature backend (x509, kms).'",,secure-combined.adoc
232,secure,Securing OpenShift Pipelines,"When I need to record provenance for pipeline runs including child task runs, I want to enable deep inspection mode, so I can capture complete execution details for audit and compliance.",core,Security engineer,Configure,user_story,Customize Tekton Chains behavior for my organization,Configure pipeline run storage backend,Configure task run artifacts,Ensure complete provenance capture for complex pipelines | Reduce audit effort by having full execution history | Minimize risk of missing critical execution data,Supported parameters for Tekton Chains configuration - pipeline run artifacts,"secure-combined.adoc -> 'Supported parameters for pipeline run artifacts', lines 157-184. Key quote: 'artifacts.pipelinerun.enable-deep-inspection: When this parameter is true, {tekton-chains} records the results of the child task runs of a pipeline run. When this parameter is false, {tekton-chains} records the results of the pipeline run, but not of its child task runs.'",,secure-combined.adoc
233,secure,Securing OpenShift Pipelines,"When I need enterprise-grade key management for signing, I want to configure KMS integration with cloud providers, so I can leverage centralized key rotation and auditing capabilities.",core,Platform engineer,Secure,user_story,Customize Tekton Chains behavior for my organization,"Have KMS service configured (GCP KMS, AWS KMS, Azure KMS, or HashiVault) | Know KMS URI reference format",Configure KMS authentication | Create KMS authentication token secret,Ensure centralized key management | Enable automated key rotation | Reduce risk of key exposure | Minimize manual key management effort,Supported parameters for KMS signers,"secure-combined.adoc -> 'Supported parameters for KMS signers', lines 217-230. Key quote: 'signers.kms.kmsref: The URI reference to a KMS service to use in kms signers. Supported schemes: gcpkms://, awskms://, azurekms://, hashivault://.'",,secure-combined.adoc
234,secure,Securing OpenShift Pipelines,"When I need to use MongoDB for docdb storage, I want to securely mount the MongoDB server URL as a secret, so I can avoid exposing credentials in plain text configuration.",core,Platform engineer,Secure,user_story,Customize Tekton Chains behavior for my organization,Have MongoDB server configured | Have cluster-admin privileges for openshift-pipelines namespace,Configure docdb storage parameters,Ensure MongoDB credentials are not exposed in configuration | Minimize security risks from credential leakage | Enable secure production deployments,Creating and mounting the Mongo server URL secret,"secure-combined.adoc -> 'Creating and mounting the Mongo server URL secret', lines 455-509. Key quote: 'You can give the value of the Mongo server URL to use for docdb storage (MONGO_SERVER_URL) using a secret... For production environments, providing authentication information as plain text configuration might be insecure.'",,secure-combined.adoc
235,secure,Securing OpenShift Pipelines,"When I need to authenticate to a KMS provider like HashiVault, I want to mount the authentication token as a Kubernetes secret, so I can avoid exposing the VAULT_TOKEN in plain text configuration.",core,Platform engineer,Secure,user_story,Leverage enterprise-grade key management for signing,"Have KMS provider configured (e.g., HashiVault) | Have KMS authentication token file | Have cluster-admin privileges",Configure KMS signer parameters,Ensure KMS authentication credentials are protected | Minimize risk of token exposure | Enable secure key management integration,Creating and mounting the KMS authentication token secret,"secure-combined.adoc -> 'Creating and mounting the KMS authentication token secret', lines 517-574. Key quote: 'You can give the authentication token for the Key Management Service (KMS) server by using a secret... You must create this secret, mount it on the {tekton-chains} controller, and set the signers.kms.auth.token-path parameter to the full path name of the authentication token file.'",,secure-combined.adoc
236,secure,Securing OpenShift Pipelines,"When I need granular control over which namespaces use Tekton Chains, I want to configure namespace filtering via the --namespace argument, so I can limit signing overhead and scope security controls.",core,Cluster administrator,Configure,user_story,Customize Tekton Chains behavior for my organization,Have cluster-admin privileges,,Reduce resource consumption by limiting watched namespaces | Ensure security controls apply only where needed | Minimize blast radius of misconfiguration,Enabling Tekton Chains to operate only in selected namespaces,"secure-combined.adoc -> 'Enabling Tekton Chains to operate only in selected namespaces', lines 582-621. Key quote: 'By default, the {tekton-chains} controller monitors resources in all namespaces. You can customize {tekton-chains} to run only in specific namespaces, which provides granular control over its operation... add the --namespace= argument to contain the namespaces that the controller should watch.'",,secure-combined.adoc
237,secure,Securing OpenShift Pipelines,"When I need to sign task runs and pipeline runs, I want to generate and store cryptographic keys in Kubernetes secrets, so I can enable Tekton Chains to sign artifacts automatically.",core,Security engineer,Secure,main_job,,Have openshift-pipelines namespace access,Choose signing scheme (x509 or cosign) | Generate cosign key pair | Generate x509 key pair,"Minimize time to generate signing keys | Ensure keys meet security requirements (encryption, key type) | Reduce risk of key compromise | Enable automated signing without manual key management",Secrets for signing data in Tekton Chains,"secure-combined.adoc -> 'Secrets for signing data in Tekton Chains', lines 631-656. Key quote: 'Cluster administrators can generate a key pair and use {tekton-chains} to sign artifacts by using a Kubernetes secret. For {tekton-chains} to work, a private key and a password for encrypted keys must exist as part of the signing-secrets secret in the openshift-pipelines namespace.'",,secure-combined.adoc
238,secure,Securing OpenShift Pipelines,"As a cluster administrator, when I need to quickly generate cosign signing keys, I want to set generateSigningSecret to true in the TektonConfig CR, so I can automatically provision ECDSA key pairs without manual cosign commands.",core,Cluster administrator,Configure,user_story,Generate and store cryptographic keys for signing,Have cluster-admin privileges | Have TektonConfig access,Extract public key for verification,Complete key generation in under 2 minutes | Avoid manual cosign CLI usage | Ensure keys are stored in correct secret location,Generating the cosign key pair using the TektonConfig CR,"secure-combined.adoc -> 'Generating the cosign key pair using the TektonConfig CR', lines 664-731. Key quote: 'To use the cosign signing scheme for {tekton-chains} secrets, you can generate a cosign key pair that uses Elliptic Curve Digital Signature Algorithm (ECDSA) encryption by setting the generateSigningSecret field in the TektonConfig custom resource (CR) to true... The {pipelines-shortname} Operator generates an ecdsa type cosign key pair and stores it in the signing-secrets secret.'",,secure-combined.adoc
239,secure,Securing OpenShift Pipelines,"As a security engineer, when I need full control over cosign key generation, I want to manually generate keys using the cosign CLI tool, so I can use custom encryption parameters and key storage options.",core,Security engineer,Secure,user_story,Generate and store cryptographic keys for signing,Have cosign tool installed | Have access to openshift-pipelines namespace,,Ensure maximum control over key generation parameters | Enable custom passphrase selection | Minimize dependency on operator-generated keys,Manually generating signing secrets with the cosign tool,"secure-combined.adoc -> 'Manually generating signing secrets with the cosign tool', lines 738-762. Key quote: 'You can use the cosign signing scheme with {tekton-chains} using the cosign tool... Generate the cosign.key and cosign.pub key pairs by running the following command: $ cosign generate-key-pair k8s://openshift-pipelines/signing-secrets'",,secure-combined.adoc
240,secure,Securing OpenShift Pipelines,"As a security engineer, when I prefer using skopeo for key generation, I want to generate sigstore-compatible keys with skopeo and manually encode them for Kubernetes secrets, so I can integrate with existing skopeo-based workflows.",core,Security engineer,Secure,user_story,Generate and store cryptographic keys for signing,Have skopeo package installed on Linux | Have base64 encoding tools | Have oc CLI access,,Enable skopeo-based key generation workflow | Ensure keys are compatible with cosign signing scheme | Minimize migration effort from existing skopeo usage,Manually generating signing secrets with the skopeo tool,"secure-combined.adoc -> 'Manually generating signing secrets with the skopeo tool', lines 770-853. Key quote: 'You can generate keys by using the skopeo tool and use them in the cosign signing scheme with {tekton-chains}... Generate a public/private key pair by running the following command: $ skopeo generate-sigstore-key --output-prefix <mykey>'",,secure-combined.adoc
241,secure,Securing OpenShift Pipelines,"When I encounter a secret already exists error while creating signing secrets, I want to delete the existing secret and recreate it, so I can resolve the conflict and proceed with key generation.",related,Cluster administrator,Troubleshoot,user_story,Generate and store cryptographic keys for signing,,,Minimize time to resolve secret conflict | Ensure clean secret state before regeneration,Resolving the 'secret already exists' error,"secure-combined.adoc -> 'Resolving the secret already exists error', lines 860-887. Key quote: 'If the signing-secret secret is already populated, the command to create this secret might output the following error message: Error from server (AlreadyExists): secrets signing-secrets already exists. You can resolve this error by deleting the secret.'",,secure-combined.adoc
242,secure,Securing OpenShift Pipelines,"When I need to push signatures to an OCI registry, I want to configure service account credentials with registry authentication, so I can enable Tekton Chains to store signed artifacts in the registry.",core,Platform engineer,Configure,main_job,,Have OCI registry accessible | Have Docker config credentials,Create custom service account | Patch service account with imagePullSecrets,Minimize authentication failures when pushing signatures | Ensure credentials are securely stored | Reduce manual credential management effort | Enable automated signature storage,Authenticating to an OCI registry,"secure-combined.adoc -> 'Authenticating to an OCI registry', lines 897-965. Key quote: 'Set up a service account with the necessary credentials so that {tekton-chains} can push signatures to an OCI registry. The {tekton-chains} controller uses the same service account that starts task runs. To configure authentication with an OCI registry, create the required credentials and associate them with this service account.'",,secure-combined.adoc
243,secure,Securing OpenShift Pipelines,"As a platform engineer, when I need to avoid pod timeouts caused by default service account, I want to create a custom service account with appropriate SCC, so I can ensure stable pipeline and task run execution.",core,Platform engineer,Configure,user_story,Configure service account credentials for OCI registry authentication,Have namespace created | Have dockerconfigjson file,Configure security context for pods,Eliminate pod timeout issues | Ensure service account has correct permissions | Minimize disruption from operator upgrades,Authenticating to an OCI registry,"secure-combined.adoc -> 'Authenticating to an OCI registry', lines 938-964. Key quote: 'If you patch the default pipeline service account that {pipelines-title} assigns to all task runs, the {pipelines-title} Operator will override the service account. As a best practice, you can perform the following steps: Create a separate service account to assign to users task runs.'",,secure-combined.adoc
244,secure,Securing OpenShift Pipelines,"When I need to verify the complete signing workflow, I want to create a task run, retrieve its signature, and verify it with the public key, so I can ensure Tekton Chains is correctly signing artifacts.",core,Security engineer,Secure,main_job,,Have Tekton Chains configured | Have signing keys generated | Have cosign installed,Configure Tekton Chains storage backend | Extract task run signature | Verify signature with cosign,Minimize time to validate signing workflow | Ensure signatures are cryptographically valid | Reduce risk of signing misconfiguration | Enable confidence in supply chain security,Creating and verifying task run signatures without any additional authentication,"secure-combined.adoc -> 'Creating and verifying task run signatures without any additional authentication', lines 973-1082. Key quote: 'To verify signatures of task runs by using {tekton-chains} with any additional authentication, perform the following tasks: Generate an encrypted x509 or cosign key pair... Configure the {tekton-chains} backend storage... Create a task run, sign it, and store the signature... Retrieve the signature and payload... Verify the signature of the task run.'",,secure-combined.adoc
245,secure,Securing OpenShift Pipelines,"As a security engineer, when I need to store signatures as annotations on task runs, I want to disable OCI storage and set task run format to tekton, so I can retrieve signatures directly from TaskRun objects.",core,Security engineer,Configure,user_story,Verify the complete signing workflow,Have TektonConfig access,,Ensure signatures are accessible via Kubernetes API | Minimize external storage dependencies | Enable quick signature retrieval for testing,Creating and verifying task run signatures without any additional authentication,"secure-combined.adoc -> 'Creating and verifying task run signatures without any additional authentication', lines 996-1013. Key quote: 'In the {tekton-chains} configuration, disable the Open Container Initiative (OCI) storage, and set the task run storage and format to tekton... artifacts.oci.storage: """", artifacts.taskrun.format: tekton, artifacts.taskrun.storage: tekton'",,secure-combined.adoc
246,secure,Securing OpenShift Pipelines,"When I need to prove image integrity and provenance for compliance, I want to sign OCI images and their provenance attestations, so I can enable cryptographic verification of the entire build process.",core,Security engineer,Secure,main_job,,Have Tekton Chains configured | Have signing keys generated | Have OCI registry authentication configured,Configure Kaniko task for image building | Push signatures to OCI registry | Search Rekor transparency log,Ensure end-to-end build provenance is signed | Minimize risk of unsigned images in production | Enable tamper-proof audit trail | Reduce compliance audit effort,Using Tekton Chains to sign and verify image and provenance,"secure-combined.adoc -> 'Using Tekton Chains to sign and verify image and provenance', lines 1096-1237. Key quote: 'Cluster administrators can use {tekton-chains} to sign and verify images and provenances, by performing the following tasks: Generate an encrypted x509 or cosign key pair... Set up authentication for the OCI registry to store images, image signatures, and signed image attestations... Configure {tekton-chains} to generate and sign provenance... Create an image with Kaniko in a task run... Verify the signed image and the signed provenance.'",,secure-combined.adoc
247,secure,Securing OpenShift Pipelines,"As a security engineer, when I need to enable binary transparency for supply chain security, I want to configure Tekton Chains to upload attestations to Rekor, so I can enable public verification of build provenance.",core,Security engineer,Configure,user_story,Sign OCI images and provenance attestations for compliance,Have Tekton Chains configured | Have Rekor access,Search Rekor for image provenance,Ensure provenance is publicly verifiable | Enable transparency log integration | Minimize risk of undetected tampering,Using Tekton Chains to sign and verify image and provenance,"secure-combined.adoc -> 'Using Tekton Chains to sign and verify image and provenance', lines 1137-1151. Key quote: 'Configure {tekton-chains} by setting the artifacts.taskrun.format, artifacts.taskrun.storage, and transparency.enabled parameters... $ oc patch configmap chains-config -n openshift-pipelines -p={""data"":{""transparency.enabled"": ""true""}}'",,secure-combined.adoc
248,secure,Securing OpenShift Pipelines,"As a security engineer, when I need to verify that provenance is stored in Rekor, I want to search the transparency log by image digest and retrieve attestation records, so I can prove build provenance is publicly auditable.",core,Security engineer,Secure,user_story,Sign OCI images and provenance attestations for compliance,Have image digest | Have rekor-cli installed,Verify image signatures with cosign,Minimize time to find provenance records | Ensure attestation is discoverable in transparency log | Enable third-party verification of builds,Using Tekton Chains to sign and verify image and provenance,"secure-combined.adoc -> 'Using Tekton Chains to sign and verify image and provenance', lines 1209-1237. Key quote: 'Find the provenance for the image in Rekor... Get the digest of the $REGISTRY/kaniko-chains image... Search Rekor to find all entries that match the sha256 digest of the image: $ rekor-cli search --sha <image_digest>... Check the attestation: $ rekor-cli get --uuid <uuid> --format json'",,secure-combined.adoc
249,secure,Securing OpenShift Pipelines,"When I need to visualize supply chain security artifacts in the OpenShift web console, I want to configure pipelines to display signed badges, vulnerabilities, and SBOMs, so I can quickly assess security posture without CLI tools.",core,DevOps engineer,Observe,main_job,,Have Tekton Chains configured | Have vulnerability scanning task | Have SBOM generation task,Configure vulnerability scanning | Configure SBOM generation | View signed badges in UI,Minimize time to assess security status | Enable non-CLI users to access security data | Reduce friction in security review workflows | Ensure security artifacts are visible in developer workflows,Setting up OpenShift Pipelines to view Software Supply Chain Security elements,"secure-combined.adoc -> 'Setting up OpenShift Pipelines to view Software Supply Chain Security elements', lines 1305-1326. Key quote: 'Use the Developer or Administrator perspective to create or change a pipeline and view key Software Supply Chain Security elements within a project. Set up {pipelines-shortname} to view: Project vulnerabilities... Software Bill of Materials (SBOMs)... PipelineRuns that meet {tekton-chains} requirement displays signed badges next to their names.'",,secure-combined.adoc
250,secure,Securing OpenShift Pipelines,"When I need to prioritize security remediation, I want to view vulnerability counts categorized by severity in the PipelineRun UI, so I can quickly identify critical security issues requiring immediate attention.",core,Security engineer,Observe,user_story,Visualize supply chain security artifacts in OpenShift web console,Have vulnerability scan task configured | Have pipeline configured to emit SCAN_OUTPUT result,Configure vulnerability scan task output format,Minimize time to identify critical vulnerabilities | Enable visual prioritization by severity | Reduce manual parsing of scan results | Ensure vulnerability data is accessible to all stakeholders,Setting up OpenShift Pipelines to view project vulnerabilities,"secure-combined.adoc -> 'Setting up OpenShift Pipelines to view project vulnerabilities', lines 1334-1477. Key quote: 'The PipelineRun details page provides a visual representation of identified vulnerabilities, categorized by the severity (critical, high, medium, and low). This streamlined view facilitates prioritization and remediation efforts... You can also review the vulnerabilities in the Vulnerabilities column in the pipeline run list view page.'",,secure-combined.adoc
251,secure,Securing OpenShift Pipelines,"As a DevOps engineer, when I integrate vulnerability scanning into my pipeline, I want to configure the scan task to output results in JSON format with severity counts, so I can display vulnerability summaries in the OpenShift UI.",core,DevOps engineer,Configure,user_story,View vulnerability counts by severity in PipelineRun UI,"Have vulnerability scan tool (e.g., Roxctl, Trivy) | Have jq tool available in task image",Configure pipeline to reference SCAN_OUTPUT result,Ensure scan results are UI-compatible | Minimize custom parsing logic | Enable consistent vulnerability reporting across pipelines,Setting up OpenShift Pipelines to view project vulnerabilities,"secure-combined.adoc -> 'Setting up OpenShift Pipelines to view project vulnerabilities', lines 1365-1450. Key quote: 'Update your existing vulnerability scan task to ensure that it stores the output in the .json file and then extracts the vulnerability summary in the following format: jq -rce {vulnerabilities:{ critical: (.result.summary.CRITICAL), high: (.result.summary.IMPORTANT), medium: (.result.summary.MODERATE), low: (.result.summary.LOW) }}'",,secure-combined.adoc
252,secure,Securing OpenShift Pipelines,"When I need to understand software composition for compliance and risk assessment, I want to download or view Software Bills of Materials (SBOMs) for pipeline runs, so I can verify dependency safety and licensing.",core,Security engineer,Observe,user_story,Visualize supply chain security artifacts in OpenShift web console,Have SBOM generation task configured | Have pipeline configured with IMAGE_URL result,View SBOM in web UI | Download SBOM via cosign CLI | Search SBOM for vulnerable libraries,Minimize time to access SBOM data | Enable transparency into software composition | Reduce manual SBOM generation effort | Ensure compliance with SBOM requirements,Setting up OpenShift Pipelines to download or view SBOMs,"secure-combined.adoc -> 'Setting up OpenShift Pipelines to download or view SBOMs', lines 1486-1665. Key quote: 'The PipelineRun details page provides an option to download or view Software Bill of Materials (SBOMs), enhancing transparency and control within your supply chain. SBOMs lists all the software libraries that a component uses... You can use a software bill of materials (SBOM) to better understand the composition of your software, identify vulnerabilities, and assess the potential impact of any security issues.'",,secure-combined.adoc
253,secure,Securing OpenShift Pipelines,"As a DevOps engineer, when I configure SBOM generation in my pipeline, I want to create a task that outputs SBOM data with external-link type, so I can enable one-click SBOM viewing in the OpenShift UI.",core,DevOps engineer,Configure,user_story,Download or view SBOMs for pipeline runs,"Have SBOM generation tool (e.g., Syft) | Have pipeline configured",Configure pipeline IMAGE_URL result,Enable browser-based SBOM viewing | Minimize SBOM access friction | Ensure SBOM is linked to pipeline run,Setting up OpenShift Pipelines to download or view SBOMs,"secure-combined.adoc -> 'Setting up OpenShift Pipelines to download or view SBOMs', lines 1507-1565. Key quote: 'Add a task in the following format to view or download the SBOM information... task.results.key: LINK_TO_SBOM, task.results.type: external-link... This configuration enables viewing or downloading SBOM from the PipelineRun details page.'",,secure-combined.adoc
254,secure,Securing OpenShift Pipelines,"As a security engineer, when I need to quickly check for known vulnerabilities in dependencies, I want to view SBOMs directly in the browser and search for vulnerable libraries, so I can assess risk without downloading files.",core,Security engineer,Observe,user_story,Download or view SBOMs for pipeline runs,Have SBOM configured in pipeline | Have pipeline run completed,,Minimize time to search SBOM for vulnerabilities | Enable in-browser vulnerability assessment | Reduce need for CLI tools,Viewing an SBOM in the web UI,"secure-combined.adoc -> 'Viewing an SBOM in the web UI', lines 1569-1586. Key quote: 'Navigate to the Activity -> PipelineRuns tab... select View SBOM. You can use your web browser to immediately search the SBOM for terms that indicate vulnerabilities in your software supply chain. For example, try searching for log4j.'",,secure-combined.adoc
255,secure,Securing OpenShift Pipelines,"As a platform engineer, when I need to integrate SBOM data into automated compliance workflows, I want to download SBOMs via cosign CLI, so I can process SBOM data programmatically.",core,Platform engineer,Observe,user_story,Download or view SBOMs for pipeline runs,Have cosign CLI installed | Have SBOM stored in OCI registry,,Enable automated SBOM processing | Minimize manual SBOM retrieval effort | Ensure SBOM data is machine-readable,Downloading an SBOM in the CLI,"secure-combined.adoc -> 'Downloading an SBOM in the CLI', lines 1588-1616. Key quote: 'Open terminal, log in to Developer or Administrator perspective, and then switch to the relevant project. From the OpenShift web console, copy the download sbom command and run it on your terminal: $ cosign download sbom quay.io/<workspace>/user-workload@sha256'",,secure-combined.adoc
256,secure,Securing OpenShift Pipelines,"When I review an SBOM for compliance and risk assessment, I want to see library author, name, version, and licenses in a structured format, so I can verify dependencies are safely-sourced, updated, and compliant.",core,Security engineer,Analyze,user_story,Download or view SBOMs for pipeline runs,Have SBOM downloaded or viewed,,Minimize time to extract key dependency information | Enable verification of license compliance | Reduce risk of using outdated or vulnerable libraries | Ensure supply chain transparency,Reading the SBOM,"secure-combined.adoc -> 'Reading the SBOM', lines 1618-1665. Key quote: 'In the SBOM... you can see four characteristics of each library that a project uses: Its author or publisher, Its name, Its version, Its licenses. This information helps you verify that individual libraries are safely-sourced, updated, and compliant.'",,secure-combined.adoc
257,secure,Securing OpenShift Pipelines,"When I need to control security permissions for pipeline pods, I want to configure security context constraints (SCC) for task runs and pipeline runs, so I can enforce least-privilege principles while enabling required capabilities.",core,Cluster administrator,Secure,main_job,,Have OpenShift Pipelines installed,Configure default SCC for all pods | Configure namespace-specific SCC | Create custom SCC for specific runs,"Minimize security risks from excessive permissions | Enable required capabilities (e.g., SETFCAP for Buildah) | Reduce likelihood of privilege escalation | Ensure compliance with security policies",Configuring the security context for pods,"secure-combined.adoc -> 'Configuring the security context for pods', lines 1731-1766. Key quote: 'The default service account for pods that {pipelines-shortname} starts is pipeline. The security context constraint (SCC) associated with the pipeline service account is pipelines-scc... You can configure the security context for pods that {pipelines-shortname} creates for pipeline runs and task runs. You can make the following changes: Change the default and maximum SCC for all pods, Change the default SCC for pods created for pipeline runs and task runs in a particular namespace, Configure a particular pipeline run or task run to use a custom SCC and service account.'",,secure-combined.adoc
258,secure,Securing OpenShift Pipelines,"As a cluster administrator, when I need to standardize security policies across all pipelines, I want to configure default and maximum SCC via TektonConfig, so I can enforce organization-wide security baselines.",core,Cluster administrator,Configure,user_story,Configure security context constraints for pipeline pods,Have cluster-admin privileges | Have TektonConfig access,,Ensure consistent security policies across namespaces | Minimize risk of overly permissive SCCs | Enable centralized security control | Reduce per-namespace configuration effort,Configuring default and maximum SCC for pods,"secure-combined.adoc -> 'Configuring default and maximum SCC for pods', lines 1774-1807. Key quote: 'You can configure the default security context constraint (SCC) for all pods that {pipelines-shortname} creates for task runs and pipeline runs. You can also configure the maximum SCC, which is the least restrictive SCC that you can configure for these pods in any namespace... Set the default and maximum SCC in the spec: spec.platforms.openshift.scc.default, spec.platforms.openshift.scc.maxAllowed'",,secure-combined.adoc
259,secure,Securing OpenShift Pipelines,"As a cluster administrator, when I need namespace-specific security policies, I want to annotate namespaces with operator.tekton.dev/scc, so I can override default SCC for pipelines in specific environments.",core,Cluster administrator,Configure,user_story,Configure security context constraints for pipeline pods,Have namespace created | Know required SCC (must not exceed maxAllowed),,Enable namespace-level security customization | Ensure SCC does not exceed maximum allowed | Minimize need for per-pipeline configuration,Configuring the SCC for pods in a namespace,"secure-combined.adoc -> 'Configuring the SCC for pods in a namespace', lines 1820-1842. Key quote: 'Configure the security context constraint (SCC) for all pods that {pipelines-shortname} creates for pipeline runs and task runs in a particular namespace. The SCC must not be less restrictive than the maximum SCC that you configured by using the TektonConfig CR... Set the operator.tekton.dev/scc annotation for the namespace to the name of the SCC.'",,secure-combined.adoc
260,secure,Securing OpenShift Pipelines,"When I encounter pod timeouts due to default SCC fsGroup settings, I want to create a custom SCC with fsGroup.type set to RunAsAny, so I can avoid timeout issues while maintaining security.",core,Platform engineer,Troubleshoot,user_story,Configure security context constraints for pipeline pods,Have cluster-admin privileges | Understand pod timeout issue (BZ#1995779),Create custom service account | Associate SCC with service account,Eliminate pod timeout errors | Ensure SCC is appropriate for workload | Minimize upgrade disruption | Enable stable pipeline execution,Running pipeline run and task run with custom SCC and service account,"secure-combined.adoc -> 'Running pipeline run and task run with custom SCC and service account', lines 1851-1975. Key quote: 'When using the pipelines-scc SCC associated with the default pipelines service account, the pipeline run and task run pods might face timeouts. This happens because the default pipelines-scc SCC sets the fsGroup.type parameter to MustRunAs... To avoid pod timeouts, you can create a custom SCC with the fsGroup.type parameter set to RunAsAny, and associate it with a custom service account.'",,secure-combined.adoc
261,secure,Securing OpenShift Pipelines,"When I need to protect webhook endpoints from unauthorized access, I want to enable HTTPS for event listeners, so I can ensure secure communication within and outside the cluster",core,Cluster admin,Secure,main_job,,Create namespace | Install OpenShift Pipelines Operator,Configure Trigger resources | Create TriggerBinding | Create TriggerTemplate,Minimize risk of webhook data interception | Ensure encrypted connections to event listeners | Enable both internal and external secure access,Securing webhooks with event listeners,"Section 'Securing webhooks with event listeners', lines 2044-2063. Abstract states: 'you enable HTTPS for the Eventlistener resource by adding the operator.tekton.dev/enable-annotation=enabled label to the namespace'",,
262,secure,Securing OpenShift Pipelines,"When I need to expose secured webhooks externally, I want to create routes with re-encrypted TLS termination, so I can maintain end-to-end encryption from client to event listener",core,Cluster admin,Secure,user_story,"When I need to protect webhook endpoints from unauthorized access, I want to enable HTTPS for event listeners, so I can ensure secure communication within and outside the cluster","Create event listener | Have TLS certificates (tls.crt, tls.key, ca.crt)",Configure service account for event listener | Set security context for event listener,Ensure end-to-end encryption for webhook traffic | Minimize certificate management complexity | Enable secure external access to event listeners,Providing secure connection with OpenShift routes,"Section 'Providing secure connection with OpenShift routes', lines 2071-2131. Procedure shows creating route with reencrypt termination using cert, key, and CA cert",,
263,secure,Securing OpenShift Pipelines,"When I need to meet security requirements for event listeners, I want to configure custom security contexts directly in EventListener CRs, so I can ensure containers run with restricted privileges and comply with security context constraints",core,Security engineer,Secure,user_story,"When I need to protect webhook endpoints from unauthorized access, I want to enable HTTPS for event listeners, so I can ensure secure communication within and outside the cluster",Understand security context constraints | Know required resource limits,Create service account with appropriate permissions | Configure RBAC for event listener,Ensure event listeners run as non-root users | Minimize attack surface through read-only filesystems | Comply with OpenShift security context constraints,Configuring security context for event listeners,"Section 'Configuring security context for event listeners', lines 2142-2183. Example shows runAsNonRoot: true and readOnlyRootFilesystem: true settings",,
264,secure,Securing OpenShift Pipelines,"When I need a working example of secure webhooks, I want to create an EventListener with HTTPS enabled using the pipelines-tutorial, so I can understand the complete configuration flow",core,DevOps engineer,Secure,user_story,"When I need to protect webhook endpoints from unauthorized access, I want to enable HTTPS for event listeners, so I can ensure secure communication within and outside the cluster",Have access to openshift-pipelines namespace | Understand TriggerBinding and TriggerTemplate concepts,Create TriggerBinding resource | Create TriggerTemplate resource | Create Trigger resource,Minimize time to get working secure webhook example | Reduce likelihood of misconfiguration | Understand label-based HTTPS enablement,Creating a sample EventListener resource using a secure HTTPS connection,"Section 'Creating a sample EventListener resource using a secure HTTPS connection', lines 2192-2242. Shows enabling HTTPS via label: operator.tekton.dev/enable-annotation=enabled",,
265,secure,Securing OpenShift Pipelines,"When pipelines need to interact with protected repositories, I want to configure authentication using secrets, so I can enable secure access to Git and container repositories during pipeline execution",core,DevOps engineer,Secure,main_job,,"Create service account or define workspace | Have repository credentials (tokens, SSH keys, or Docker configs)",Configure pipeline runs | Configure task runs | Manage service account permissions,Minimize risk of credential exposure | Enable authenticated access to private repositories | Reduce authentication configuration complexity,Authenticating pipelines with repositories using secrets,"Section 'Authenticating pipelines with repositories using secrets', lines 2246-2316. Abstract states: 'you can use secrets to authenticate pipeline runs and task runs that interact with a Git repository or container repository during execution'",,
266,secure,Securing OpenShift Pipelines,"When I need to pass authentication credentials to pipeline tasks, I want to associate secrets with service accounts, so I can make authentication information automatically available to tasks without manual configuration",core,DevOps engineer,Secure,user_story,"When pipelines need to interact with protected repositories, I want to configure authentication using secrets, so I can enable secure access to Git and container repositories during pipeline execution",Create authentication secrets | Define service account,Annotate secrets with repository URLs | Configure TaskRun or PipelineRun with service account,Minimize manual credential passing in task definitions | Ensure credentials are automatically mounted for tasks | Reduce likelihood of credential misconfiguration,Providing secrets using service accounts,"Section 'Providing secrets using service accounts', lines 2324-2332. Concept states: 'The information in the secret becomes available to the tasks that run under this service account'",,
267,secure,Securing OpenShift Pipelines,"When I need to configure repository authentication, I want to understand supported secret types and required annotations, so I can correctly specify which repositories each secret applies to",core,DevOps engineer,Secure,user_story,"When pipelines need to interact with protected repositories, I want to configure authentication using secrets, so I can enable secure access to Git and container repositories during pipeline execution",Understand Kubernetes secret types | Know target repository URLs,Create Git authentication secrets | Create container registry secrets | Configure service accounts,Minimize authentication failures due to incorrect secret types | Ensure proper secret-to-repository mapping via annotations | Support multiple repositories with appropriate annotations,Types and annotation of secrets for service accounts,"Section 'Types and annotation of secrets for service accounts', lines 2338-2455. Documents kubernetes.io/basic-auth, kubernetes.io/ssh-auth for Git; basic-auth, dockercfg, dockerconfigjson for registries; tekton.dev/git-N and tekton.dev/docker-N annotations",,
268,secure,Securing OpenShift Pipelines,"When I need to authenticate pipelines to password-protected Git repositories, I want to configure Basic HTTP authentication using service accounts, so I can enable resource retrieval with username and personal access token",core,DevOps engineer,Secure,user_story,"When pipelines need to interact with protected repositories, I want to configure authentication using secrets, so I can enable secure access to Git and container repositories during pipeline execution",Have Git personal access token or password | Create target namespace | Understand service account configuration,Configure SSH authentication for Git | Associate service account with TaskRun or PipelineRun,Enable authenticated Git clone operations in pipelines | Minimize credential exposure in pipeline definitions | Support GitHub personal access token authentication,Configuring Basic HTTP authentication for Git using a service account,"Section 'Configuring Basic HTTP authentication for Git using a service account', lines 2463-2566. Procedure creates kubernetes.io/basic-auth secret with tekton.dev/git-0 annotation, associates with service account, and links to TaskRun/PipelineRun",,
269,secure,Securing OpenShift Pipelines,"When I need to authenticate pipelines to SSH-protected Git repositories, I want to configure SSH-based authentication using service accounts, so I can enable secure resource retrieval using private keys",core,DevOps engineer,Secure,user_story,"When pipelines need to interact with protected repositories, I want to configure authentication using secrets, so I can enable secure access to Git and container repositories during pipeline execution",Have SSH private key | Have known_hosts file or accept security risk | Create target namespace,Configure Basic HTTP authentication for Git | Generate SSH keys | Associate service account with TaskRun or PipelineRun,Enable SSH-based Git clone operations in pipelines | Minimize risk of man-in-the-middle attacks via known_hosts | Support custom SSH ports for Git repositories,Configuring SSH authentication for Git using a service account,"Section 'Configuring SSH authentication for Git using a service account', lines 2574-2676. Procedure creates kubernetes.io/ssh-auth secret with ssh-privatekey and known_hosts, uses tekton.dev/git-0 annotation, supports custom port via annotation",,
270,secure,Securing OpenShift Pipelines,"When pipelines need to pull from or push to protected container registries, I want to configure registry authentication using service accounts, so I can enable secure image operations during pipeline execution",core,DevOps engineer,Secure,user_story,"When pipelines need to interact with protected repositories, I want to configure authentication using secrets, so I can enable secure access to Git and container repositories during pipeline execution",Have Docker config.json with registry credentials | Create target namespace,Configure Git authentication | Build container images in pipelines | Push images to registries,Enable authenticated image pull and push operations | Minimize credential exposure in pipeline definitions | Support multiple container registries,Configuring container registry authentication by using a service account,"Section 'Configuring container registry authentication by using a service account', lines 2684-2768. Procedure creates secret from config.json, associates with service account, and links to TaskRun/PipelineRun",,
271,secure,Securing OpenShift Pipelines,"When I run Git commands directly in task steps with SSH authentication, I want to symlink SSH directories correctly, so I can ensure Git finds the authentication files despite HOME variable differences",core,Developer,Secure,user_story,"When pipelines need to interact with protected repositories, I want to configure authentication using secrets, so I can enable secure access to Git and container repositories during pipeline execution",Understand SSH authentication setup | Know which user the task runs as,Configure SSH authentication for Git | Create custom tasks with Git commands,Ensure Git SSH authentication works in custom tasks | Minimize authentication failures from directory mismatches | Avoid need for symlink when using git-clone task,SSH Git authentication in tasks,"Section 'SSH Git authentication in tasks', lines 2790-2820. Explains that Git ignores $HOME and uses /etc/passwd, requiring symlink: 'ln -s $HOME/.ssh /root/.ssh' before Git commands",,
272,secure,Securing OpenShift Pipelines,"When tasks run as non-root users, I want to configure SSH authentication with proper user home directories, so I can enable secure Git access without root privileges",core,Security engineer,Secure,user_story,"When pipelines need to interact with protected repositories, I want to configure authentication using secrets, so I can enable secure access to Git and container repositories during pipeline execution",Understand security contexts in tasks | Know non-root user configuration | Have valid home directory in /etc/passwd,Configure security context constraints | Run tasks with restricted privileges | Symlink SSH directories,Enable SSH authentication for non-root task execution | Minimize privilege escalation risks | Support randomized user/group IDs,Use of secrets as a non-root user,"Section 'Use of secrets as a non-root user', lines 2827-2846. States SSH requires valid home directory in /etc/passwd and symlink from $HOME to actual home, notes platform may randomize users/groups",,
273,secure,Securing OpenShift Pipelines,"When I need to pass authentication credentials without service account annotations, I want to use workspaces to bind secrets to tasks, so I can provide credentials directly at runtime without annotation requirements",core,DevOps engineer,Secure,user_story,"When pipelines need to interact with protected repositories, I want to configure authentication using secrets, so I can enable secure access to Git and container repositories during pipeline execution",Define named workspace in task | Create authentication secret,Configure workspace in pipeline | Bind secret to workspace at runtime,Minimize annotation management overhead | Enable flexible credential passing per task run | Reduce coupling between secrets and service accounts,Providing secrets using workspaces,"Section 'Providing secrets using workspaces', lines 2854-2864. Concept states: 'If you pass authentication secrets by using workspaces, you do not need annotations for the secrets'",,
274,secure,Securing OpenShift Pipelines,"When I need to authenticate Git operations via workspaces, I want to configure SSH authentication with workspace-bound secrets, so I can pass credentials at task runtime without service account coupling",core,DevOps engineer,Secure,user_story,"When pipelines need to interact with protected repositories, I want to configure authentication using secrets, so I can enable secure access to Git and container repositories during pipeline execution",Have SSH private key and known_hosts files | Define ssh-directory workspace in task,Create SSH secret from .ssh directory | Run task with workspace secret binding | Copy workspace to HOME/.ssh in task steps,Enable workspace-based SSH authentication for Git | Minimize service account annotation requirements | Support runtime credential selection per task invocation,Configuring SSH authentication for Git using workspaces,"Section 'Configuring SSH authentication for Git using workspaces', lines 2872-2998. Shows creating secret from id_ed25519 and known_hosts, defining workspace in task, accessing via $(workspaces.ssh-directory.path), running with --workspace name=ssh-directory,secret=my-github-ssh-credentials",,
275,secure,Securing OpenShift Pipelines,"When I need to authenticate container registry operations via workspaces, I want to configure registry authentication with workspace-bound secrets, so I can pass Docker credentials at task runtime without service account coupling",core,DevOps engineer,Secure,user_story,"When pipelines need to interact with protected repositories, I want to configure authentication using secrets, so I can enable secure access to Git and container repositories during pipeline execution",Have Docker config.json with registry credentials | Define dockerconfig workspace in task,Create registry secret from config.json | Set DOCKER_CONFIG environment variable to workspace path | Run task with workspace secret binding,Enable workspace-based registry authentication | Minimize service account annotation requirements | Support tools like Skopeo that use DOCKER_CONFIG environment variable,Configuring container registry authentication using workspaces,"Section 'Configuring container registry authentication using workspaces', lines 3005-3089. Shows creating secret from config.json, defining dockerconfig workspace, setting DOCKER_CONFIG=$(workspaces.dockerconfig.path), running with --workspace name=dockerconfig,secret=my-registry-credentials",,
276,secure,Securing OpenShift Pipelines,"When I need to restrict credential access within a task, I want to limit workspace-bound secrets to specific steps, so I can minimize credential exposure to only the steps that require authentication",core,Security engineer,Secure,user_story,"When pipelines need to interact with protected repositories, I want to configure authentication using secrets, so I can enable secure access to Git and container repositories during pipeline execution",Understand workspace configuration in tasks and steps | Define workspace in task spec,Configure step-level security contexts | Apply principle of least privilege,Minimize credential exposure to unnecessary steps | Ensure only authenticated steps access secrets | Reduce attack surface within multi-step tasks,Limiting a secret to particular steps using workspaces,"Section 'Limiting a secret to particular steps using workspaces', lines 3095-3134. Shows defining workspace in both task spec and specific step spec, notes steps without workspace definition cannot access credentials",,
277,secure,Securing OpenShift Pipelines,"When I need to build container images in pipelines, I want to run Buildah as a non-root user, so I can reduce security exposure from container processes and prevent potential host access from malicious resources",core,Security engineer,Secure,main_job,,Understand security context constraints | Have buildah task available,Configure custom service accounts | Define security context constraints | Build images in pipelines,Minimize security exposure from root-level container processes | Reduce risk of container escape attacks | Enable unprivileged image builds,Building of container images using Buildah as a non-root user,"Section 'Building of container images using Buildah as a non-root user', lines 3137-3207. Abstract states: 'Running OpenShift Pipelines as the root user on a container can expose the container processes and the host to other potentially malicious resources. You can reduce this type of exposure by running the workload as a specific non-root user'",,
278,secure,Securing OpenShift Pipelines,"When I need the simplest approach to non-root Buildah builds, I want to configure user namespaces with annotations, so I can enable unprivileged builds without custom service accounts or SCCs",core,DevOps engineer,Secure,user_story,"When I need to build container images in pipelines, I want to run Buildah as a non-root user, so I can reduce security exposure from container processes and prevent potential host access from malicious resources",Have buildah task in openshift-pipelines namespace | Know how to edit Kubernetes resources,Copy buildah task to custom task | Configure stepTemplate with security context,Minimize configuration complexity for non-root builds | Enable automatic user namespace mapping | Reduce need for custom SCCs,Running Buildah as a non-root user by configuring user namespaces,"Section 'Running Buildah as a non-root user by configuring user namespaces', lines 3214-3284. Shows annotation 'io.kubernetes.cri-o.userns-mode: auto:size=65536;map-to-root=true' and stepTemplate with runAsNonRoot: true, runAsUser: 1000, capabilities add SETFCAP",,
279,secure,Securing OpenShift Pipelines,"When user namespace configuration doesn't work for my images, I want to define custom service account and security context constraint for Buildah, so I can enable non-root builds with explicit privilege controls",core,Security engineer,Secure,user_story,"When I need to build container images in pipelines, I want to run Buildah as a non-root user, so I can reduce security exposure from container processes and prevent potential host access from malicious resources",Understand security context constraints | Know how to create cluster roles and role bindings,Configure Buildah to use build user | Start task run with custom config,Enable non-root builds for images that fail with user namespaces | Maintain explicit control over privilege escalation settings | Support builds requiring specific user IDs,Running Buildah as a non-root user by defining a custom SA and SCC,"Section 'Running Buildah as a non-root user by defining a custom SA and SCC', lines 3293-3304. Concept states this approach requires allowPrivilegeEscalation: true but gives more control",,
280,secure,Securing OpenShift Pipelines,"When I need explicit privilege controls for Buildah, I want to create custom service account and SCC with specific user ID restrictions, so I can reduce dependency on default pipeline SA while enabling required capabilities",core,Security engineer,Secure,user_story,"When I need to build container images in pipelines, I want to run Buildah as a non-root user, so I can reduce security exposure from container processes and prevent potential host access from malicious resources",Understand SCCs and cluster roles | Have cluster admin permissions,Configure Buildah task to use build user | Bind SCC to service account via role binding,Minimize dependency on default pipeline service account | Ensure pods run as specific non-root user ID 1000 | Enable SETUID and SETGID capabilities for Buildah,Configuring custom service account and security context constraint,"Section 'Configuring custom service account and security context constraint', lines 3312-3408. Shows creating pipelines-sa-userid-1000 SA, pipelines-scc-userid-1000 SCC with allowPrivilegeEscalation: true, runAsUser uid: 1000, ClusterRole, and RoleBinding",,
281,secure,Securing OpenShift Pipelines,"When I have custom SA and SCC configured, I want to modify the Buildah task to run as user ID 1000, so I can execute image builds with the build user and proper volume mounts",core,DevOps engineer,Secure,user_story,"When I need to build container images in pipelines, I want to run Buildah as a non-root user, so I can reduce security exposure from container processes and prevent potential host access from malicious resources",Have custom SA and SCC created | Copy buildah task to buildah-as-user,Configure custom service account and SCC | Start task run with custom config,Ensure Buildah runs as build user with ID 1000 | Mount storage to correct user home directory | Confirm task execution as non-root via logging,Configuring Buildah to use build user,"Section 'Configuring Buildah to use build user', lines 3416-3526. Shows modifying buildah task with securityContext runAsUser: 1000, echo command to display user ID, volumeMount path /home/build/.local/share/containers",,
282,secure,Securing OpenShift Pipelines,"When I have configured the custom Buildah task, I want to create TaskRun or PipelineRun with the custom service account, so I can execute image builds as user ID 1000 with proper authentication",core,DevOps engineer,Secure,user_story,"When I need to build container images in pipelines, I want to run Buildah as a non-root user, so I can reduce security exposure from container processes and prevent potential host access from malicious resources",Have buildah-as-user task created | Have custom SA pipelines-sa-userid-1000 available,Configure Buildah to use build user | Create Dockerfile in ConfigMap | Use git-clone task to fetch sources,Execute Buildah builds with custom service account | Enable integration with pipeline workflows | Support both standalone TaskRun and PipelineRun execution,"Starting a task run with custom config map, or a pipeline run","Section 'Starting a task run with custom config map, or a pipeline run', lines 3534-3668. Shows TaskRun with serviceAccountName: pipelines-sa-userid-1000, taskRef buildah-as-user; PipelineRun with taskServiceAccountName: pipelines-sa-userid-1000 for buildah task",,
283,secure,Securing OpenShift Pipelines,"When I encounter build failures with unprivileged Buildah, I want to understand known limitations, so I can determine if the issue is due to lack of permissions or other factors",core,DevOps engineer,Troubleshoot,user_story,"When I need to build container images in pipelines, I want to run Buildah as a non-root user, so I can reduce security exposure from container processes and prevent potential host access from malicious resources",Attempt unprivileged Buildah build,Resolve mount=type=cache permission issues | Work around mount=type=secret failures,Minimize time diagnosing unprivileged build failures | Understand which Dockerfile features require additional capabilities | Identify workarounds for unsupported mount options,Limitations of unprivileged builds,"Section 'Limitations of unprivileged builds', lines 3676-3691. Lists known limitations: --mount=type=cache may fail due to permissions, --mount=type=secret fails due to lack of mounting capabilities",,
284,secure,Securing OpenShift Pipelines,"When I need to build OCI images with enhanced security, I want to use the buildah-ns task with user namespace isolation, so I can improve container isolation at the kernel level without requiring container runtime daemons",core,Security engineer,Secure,main_job,,Understand user namespace concepts | Have buildah-ns task available,Build images with standard buildah task | Configure user namespace annotations,Minimize impact of container escape vulnerabilities | Ensure kernel-level isolation between containers | Reduce privilege exposure through UID mapping,Using buildah-ns Tekton task,"Section 'Using buildah-ns Tekton task', lines 3700-3772. Abstract states: 'The buildah-ns Tekton task builds Open Container Initiative (OCI) images without requiring a container runtime daemon...uses buildah and applies user namespace isolation to provide enhanced security'",,
285,secure,Securing OpenShift Pipelines,"When I need to choose between buildah tasks, I want to understand the differences between buildah and buildah-ns, so I can select the task with appropriate security model for my requirements",core,Security engineer,Plan,user_story,"When I need to build OCI images with enhanced security, I want to use the buildah-ns task with user namespace isolation, so I can improve container isolation at the kernel level without requiring container runtime daemons",Understand buildah task features | Know security requirements,Understand buildah-ns security model | Configure annotations for user namespaces,Minimize time evaluating security trade-offs | Understand automatic user namespace mapping | Choose appropriate task for security needs,Differences between buildah and buildah-ns tasks,"Section 'Differences between buildah and buildah-ns tasks', lines 3779-3797. Lists key differences: task name buildah-ns, annotations 'io.kubernetes.cri-o.userns-mode: auto' and 'io.openshift.builder: true', user namespace separation",,
286,secure,Securing OpenShift Pipelines,"When I use buildah-ns for image builds, I want to understand the user namespace isolation security model, so I can verify how UID mapping provides kernel-level isolation and reduced privilege exposure",core,Security engineer,Secure,user_story,"When I need to build OCI images with enhanced security, I want to use the buildah-ns task with user namespace isolation, so I can improve container isolation at the kernel level without requiring container runtime daemons",Understand user namespace concepts | Know UID mapping principles,Configure buildah-ns task | Understand container escape protection,Ensure processes appear as root inside container but non-root on host | Minimize kernel-level privilege exposure | Reduce impact of container escape vulnerabilities,Security model of the buildah-ns task,"Section 'Security model of the buildah-ns task', lines 3804-3825. States: 'Inside the container: Processes run as UID 0, which appears as the root user. Outside the container: The same processes run as a nonzero UID on the host system.' Lists advantages: kernel-level isolation, reduced privilege exposure, container escape protection",,
287,secure,Securing OpenShift Pipelines,"When I configure buildah-ns task execution, I want to understand required workspaces, parameters, and results, so I can provide correct inputs and retrieve build outputs",core,DevOps engineer,Configure,user_story,"When I need to build OCI images with enhanced security, I want to use the buildah-ns task with user namespace isolation, so I can improve container isolation at the kernel level without requiring container runtime daemons",Have source workspace with Containerfile or Dockerfile | Know target image name and tag,Create PipelineRun for buildah-ns | Configure TLS verification settings | Set storage driver,Minimize configuration errors | Understand required vs optional parameters | Retrieve fully qualified image name and digest after build,"Workspaces, parameters, and results for the buildah-ns task","Section 'Workspaces, parameters, and results for the buildah-ns task', lines 3832-3915. Documents source workspace, IMAGE parameter (required), CONTAINERFILE_PATH, TLS_VERIFY, VERBOSE, SUBDIRECTORY, STORAGE_DRIVER, BUILD_EXTRA_ARGS, PUSH_EXTRA_ARGS, SKIP_PUSH parameters; IMAGE_URL and IMAGE_DIGEST results",,
288,secure,Securing OpenShift Pipelines,"When I need to execute a buildah-ns image build, I want to create a PipelineRun with appropriate parameters and workspace bindings, so I can build images with user namespace security",core,DevOps engineer,Deploy,user_story,"When I need to build OCI images with enhanced security, I want to use the buildah-ns task with user namespace isolation, so I can improve container isolation at the kernel level without requiring container runtime daemons",Have PersistentVolumeClaim with source code | Have registry credentials if pushing to protected registry,Configure Kubernetes secret for registry access | Link secret to service account | Set IMAGE and TLS_VERIFY parameters,Execute buildah-ns task successfully | Enable authenticated registry push if required | Minimize manual configuration per build,Running the buildah-ns task,"Section 'Running the buildah-ns task', lines 3922-3972. Shows PipelineRun YAML with pipelineRef task-buildah-ns, IMAGE and TLS_VERIFY params, workspace with PVC, note about registry authentication via secret",,
289,hub,Custom Tekton Hub instance,"When I need a catalog of reusable tasks and pipelines without user authentication requirements, I want to install Tekton Hub with default configuration, so I can quickly enable my team to discover and share CI/CD components.",core,Cluster administrator,Deploy,main_job,,Install Red Hat OpenShift Pipelines Operator,Install Tekton Hub with login and rating | Update custom categories and catalogs,Minimize time to deploy a working Tekton Hub instance | Reduce complexity by avoiding authentication setup | Ensure catalog is available for task discovery,Installing Tekton Hub without login and rating,lines 114-196: Installing Tekton Hub without login and rating,Default installation mode for basic hub functionality without OAuth.,using-tekton-hub-with-openshift-pipelines-combined.adoc
290,hub,Custom Tekton Hub instance,"As a cluster administrator, when I need a basic Tekton Hub instance for my team, I want to apply a TektonHub CR with default settings, so I can deploy without configuring OAuth or custom databases.",core,Cluster administrator,Deploy,user_story,Install Tekton Hub with default configuration,Install Red Hat OpenShift Pipelines Operator in openshift-pipelines namespace,,Complete installation with a single CR apply | Avoid complex OAuth configuration steps | Get API and UI routes immediately after deployment,Installing Tekton Hub without login and rating,lines 114-196: Installing Tekton Hub without login and rating procedure,Simplest installation path using TektonHub CR with optional customization fields.,using-tekton-hub-with-openshift-pipelines-combined.adoc
291,hub,Custom Tekton Hub instance,"When I need to provide authenticated access and rating capabilities for Tekton Hub artifacts, I want to install Tekton Hub with OAuth integration, so I can enable user-driven quality feedback and access control.",core,Cluster administrator,Deploy,main_job,,Install Red Hat OpenShift Pipelines Operator | Create OAuth application with Git hosting provider,Install Tekton Hub without login and rating | Add new users to Tekton Hub configuration,Ensure only authorized users can rate and contribute | Minimize security risks by enforcing authentication | Enable community-driven quality signals through ratings,Installing Tekton Hub with login and rating,lines 206-346: Installing Tekton Hub with login and rating,"Advanced installation mode requiring OAuth setup with GitHub, GitLab, or Bitbucket.",using-tekton-hub-with-openshift-pipelines-combined.adoc
292,hub,Custom Tekton Hub instance,"As a cluster administrator, when I need authenticated Tekton Hub with rating support, I want to configure OAuth secrets and apply a TektonHub CR, so I can enable user login via GitHub, GitLab, or Bitbucket.",core,Cluster administrator,Secure,user_story,Install Tekton Hub with OAuth integration,Create OAuth application with Git repository hosting provider | Obtain Client ID and Client Secret from OAuth provider,Configure JWT signing keys | Set token expiry times,Support multiple OAuth providers for flexibility | Secure API access with JWT tokens | Configure appropriate token expiry to balance security and usability,Installing Tekton Hub with login and rating,"lines 206-346: Installing Tekton Hub with login and rating procedure, including OAuth secret configuration",Requires creating OAuth apps and configuring API secrets with provider credentials.,using-tekton-hub-with-openshift-pipelines-combined.adoc
293,hub,Custom Tekton Hub instance,"When I need production-grade database reliability for Tekton Hub, I want to replace the default PostgreSQL with a custom database, so I can leverage existing database infrastructure and meet enterprise requirements.",core,Cluster administrator,Configure,main_job,,,Install Crunchy Postgres database | Migrate Tekton Hub data to external database,Ensure database meets enterprise backup and availability requirements | Reduce operational overhead by using managed database services | Maintain data persistence across Tekton Hub upgrades,Using a custom database in Tekton Hub,lines 355-442: Using a custom database in Tekton Hub,Supports associating custom database at install time or post-installation.,using-tekton-hub-with-openshift-pipelines-combined.adoc
294,hub,Custom Tekton Hub instance,"As a cluster administrator, when I need to use an external PostgreSQL database for Tekton Hub, I want to create a tekton-hub-db secret and reference it in the TektonHub CR, so I can connect to my enterprise database.",core,Cluster administrator,Configure,user_story,Replace default PostgreSQL with custom database,"Have access to external PostgreSQL database | Know database host, port, credentials, and database name",,Minimize configuration errors by using structured secret format | Ensure Tekton Hub can connect to database on first attempt | Avoid hardcoding credentials in custom resources,Using a custom database in Tekton Hub,lines 355-442: Using a custom database in Tekton Hub procedure with secret creation example,Secret must be named tekton-hub-db with specific keys for Postgres connection.,using-tekton-hub-with-openshift-pipelines-combined.adoc
295,hub,Custom Tekton Hub instance,"When I need a production-grade PostgreSQL database for Tekton Hub, I want to install and configure Crunchy Postgres Operator with appropriate network access, so I can provide reliable database services for the hub.",consumption,Cluster administrator,Deploy,main_job,,Install Crunchy Postgres Operator from OperatorHub | Create Postgres instance,Use custom database in Tekton Hub | Migrate Tekton Hub data to Crunchy Postgres,Ensure database accepts connections from Tekton Hub pods | Minimize connectivity issues by configuring pg_hba.conf correctly | Provide scalable and reliable database backend,Installing Crunchy Postgres database and Tekton Hub,lines 451-611: Installing Crunchy Postgres database and Tekton Hub,Detailed procedure for configuring Crunchy Postgres network access and creating connection secret.,using-tekton-hub-with-openshift-pipelines-combined.adoc
296,hub,Custom Tekton Hub instance,"As a cluster administrator, when I need to configure Crunchy Postgres for Tekton Hub access, I want to modify pg_hba.conf to allow all incoming connections and create the connection secret, so Tekton Hub can connect successfully.",consumption,Cluster administrator,Configure,user_story,Install and configure Crunchy Postgres for Tekton Hub,Install Crunchy Postgres Operator | Create Postgres instance | Access to Postgres pod,Decode Postgres host secret,Avoid connection failures by allowing required host access | Minimize troubleshooting time with correct initial configuration | Enable Tekton Hub to authenticate with Postgres database,Installing Crunchy Postgres database and Tekton Hub,lines 451-611: Installing Crunchy Postgres database procedure with pg_hba.conf modification,Requires manual modification of pg_hba.conf file and database reload.,using-tekton-hub-with-openshift-pipelines-combined.adoc
297,hub,Custom Tekton Hub instance,"When I need to move from the default Tekton Hub database to an external Crunchy Postgres instance, I want to dump and restore the data, so I can migrate without losing existing catalog information, user ratings, or configuration.",consumption,Cluster administrator,Migrate,main_job,,Have running Tekton Hub with default database | Have configured Crunchy Postgres instance | Install Crunchy Postgres with network access configured,Install Crunchy Postgres database | Use custom database in Tekton Hub,Ensure zero data loss during migration | Minimize downtime for Tekton Hub users | Validate all data is restored correctly before cutover,Migrating Tekton Hub data to an existing Crunchy Postgres database,lines 620-820: Migrating Tekton Hub data to an existing Crunchy Postgres database,Multi-step migration using pg_dump and pg_restore with pod file copying.,using-tekton-hub-with-openshift-pipelines-combined.adoc
298,hub,Custom Tekton Hub instance,"As a cluster administrator, when migrating Tekton Hub data to Crunchy Postgres, I want to use pg_dump and pg_restore via pod exec and oc cp commands, so I can transfer data between the default and external database.",consumption,Cluster administrator,Migrate,user_story,Move from default database to external Crunchy Postgres,Access to default Tekton Hub database pod | Access to Crunchy Postgres pod | oc CLI access,Configure pg_hba.conf for network access | Create tekton-hub-db secret,Complete dump without data corruption | Minimize manual steps prone to errors | Restore all tables and data successfully,Migrating Tekton Hub data to an existing Crunchy Postgres database,"lines 620-820: Migration procedure with pg_dump, oc cp, and pg_restore commands",Requires copying dump file from default pod to local system then to Crunchy pod.,using-tekton-hub-with-openshift-pipelines-combined.adoc
299,hub,Custom Tekton Hub instance,"When I need to align Tekton Hub with my organization's taxonomy and approved task catalogs, I want to customize categories, catalogs, scopes, and default scopes in the TektonHub CR, so I can provide a tailored experience for my users.",core,Cluster administrator,Configure,main_job,,Have Tekton Hub installed,Modify catalog refresh interval | Add new users with custom scopes,Ensure users see only organization-relevant categories | Minimize confusion by removing irrelevant public catalog entries | Provide organization-specific task collections,Updating Tekton Hub with custom categories and catalogs,lines 829-864: Updating Tekton Hub with custom categories and catalogs,Overrides default config map values when specified in TektonHub CR.,using-tekton-hub-with-openshift-pipelines-combined.adoc
300,hub,Custom Tekton Hub instance,"As a cluster administrator, when I need to customize Tekton Hub for my organization, I want to edit the categories, catalogs, scopes, and default scopes fields in the TektonHub CR, so I can override defaults with organization-specific values.",core,Cluster administrator,Configure,user_story,Customize Tekton Hub taxonomy and catalogs,Have existing TektonHub CR,,Apply custom configuration with a single CR update | See changes reflected immediately after reconciliation | Avoid editing config maps directly,Updating Tekton Hub with custom categories and catalogs,lines 829-864: Updating Tekton Hub procedure with CR field editing,Custom values in TektonHub CR override API config map defaults.,using-tekton-hub-with-openshift-pipelines-combined.adoc
301,hub,Custom Tekton Hub instance,"When I need to control how frequently Tekton Hub updates task catalogs from upstream repositories, I want to modify the catalog refresh interval, so I can balance catalog freshness with system load.",core,Cluster administrator,Configure,main_job,,Have Tekton Hub installed,Update custom categories and catalogs,Ensure catalog updates happen at appropriate intervals | Minimize unnecessary network and processing overhead | Reduce staleness of catalog data,Modifying the catalog refresh interval of Tekton Hub,lines 873-916: Modifying the catalog refresh interval of Tekton Hub,"Default interval is 30 minutes; supports seconds, minutes, hours, days, weeks.",using-tekton-hub-with-openshift-pipelines-combined.adoc
302,hub,Custom Tekton Hub instance,"As a cluster administrator, when I need to change how often catalogs refresh, I want to update the catalogRefreshInterval field in the TektonHub CR, so I can set the interval using time units that match my requirements.",core,Cluster administrator,Configure,user_story,Control catalog refresh frequency,Have existing TektonHub CR,,"Set interval using intuitive time units (s, m, h, d, w) | Apply change with a single CR update | Avoid manual cron or scheduler configuration",Modifying the catalog refresh interval of Tekton Hub,lines 873-916: Modifying catalog refresh interval procedure with catalogRefreshInterval field,Time interval configured in TektonHub CR spec.api.catalogRefreshInterval.,using-tekton-hub-with-openshift-pipelines-combined.adoc
303,hub,Custom Tekton Hub instance,"When I need to grant specific users administrative capabilities in Tekton Hub, I want to add users with custom scopes like agent:create or catalog:refresh, so I can delegate catalog management responsibilities.",core,Cluster administrator,Administer,main_job,,Have Tekton Hub installed with OAuth authentication | Have usernames from Git repository hosting provider,Install Tekton Hub with login and rating | Refresh Tekton Hub configuration,Ensure new users have appropriate permissions upon first login | Minimize security risks by assigning least-privilege scopes | Enable delegated catalog administration,Adding new users in Tekton Hub configuration,lines 925-990: Adding new users in Tekton Hub configuration,New users get only default scopes until added to scopes field in TektonHub CR.,using-tekton-hub-with-openshift-pipelines-combined.adoc
304,hub,Custom Tekton Hub instance,"As a cluster administrator, when I need to grant elevated permissions to specific users, I want to add their usernames to the scopes field in the TektonHub CR and refresh the configuration, so I can activate their permissions.",core,Cluster administrator,Administer,user_story,Grant specific users administrative capabilities,Have Tekton Hub with OAuth enabled | Know usernames registered with Git hosting provider | Have API access token,,Update scopes without redeploying Tekton Hub | Activate permissions immediately via config refresh API | Avoid manual database edits,Adding new users in Tekton Hub configuration,lines 925-990: Adding new users procedure with scopes field editing and config refresh curl command,"Requires curl command to refresh config after CR update, using JWT access token.",using-tekton-hub-with-openshift-pipelines-combined.adoc
305,hub,Custom Tekton Hub instance,"When I upgrade OpenShift Pipelines Operator from 1.7 to 1.8, I want to disable login authorization and ratings in Tekton Hub, so I can align with the new default behavior without authentication.",consumption,Cluster administrator,Upgrade,main_job,,Upgraded OpenShift Pipelines Operator from 1.7 to 1.8 | Have existing Tekton Hub instance from 1.7,Install Tekton Hub without login and rating,Remove authentication requirements after upgrade | Ensure Tekton Hub reaches Ready state after changes | Minimize user confusion by aligning with 1.8 defaults,Disabling Tekton Hub authorization after upgrading from 1.7 to 1.8,lines 998-1080: Disabling Tekton Hub authorization after upgrade from 1.7 to 1.8,Manual cleanup required because upgrade does not automatically disable auth.,using-tekton-hub-with-openshift-pipelines-combined.adoc
306,hub,Custom Tekton Hub instance,"As a cluster administrator, when disabling Tekton Hub authorization after Operator upgrade, I want to delete the API secret and TektonInstallerSet objects so the Operator recreates them with the new default configuration.",consumption,Cluster administrator,Upgrade,user_story,Disable login authorization after Operator upgrade,Upgraded to OpenShift Pipelines 1.8 | Have access to tekton-hub-api secret and TektonInstallerSet resources,,Trigger Operator to recreate resources with 1.8 defaults | Minimize manual configuration changes | Verify Tekton Hub reaches Ready state after each deletion,Disabling Tekton Hub authorization after upgrading from 1.7 to 1.8,lines 998-1080: Disabling authorization procedure with secret and TektonInstallerSet deletion,"Two-phase deletion: API secret and installer set, then UI config map and installer set.",using-tekton-hub-with-openshift-pipelines-combined.adoc
307,tkn_cli,Pipelines CLI (tkn) reference,"When I need to manage OpenShift Pipelines from a terminal, I want to install the tkn CLI tool on my platform, so I can interact with pipelines using command-line operations",core,OpenShift Pipelines user,Get Started,main_job,,,Verify tkn CLI installation | Configure tkn CLI for cluster access | Execute pipeline operations using tkn,tkn CLI installed on local system | tkn command available in PATH | Ability to execute tkn commands from terminal,Installing tkn,"tkn_cli-combined.adoc -> Installing tkn, lines 58-66",Main job covering the overall installation goal across all platforms,tkn_cli-combined.adoc
308,tkn_cli,Pipelines CLI (tkn) reference,"When I am using a Linux distribution, I want to download and install the tkn CLI from a tar.gz archive, so I can manage pipelines from my Linux terminal",core,Linux system administrator,Get Started,user_story,"When I need to manage OpenShift Pipelines from a terminal, I want to install the tkn CLI tool on my platform, so I can interact with pipelines using command-line operations",,Install tkn on Linux using RPM | Add tkn to PATH environment variable,"CLI tool downloaded for correct architecture (x86_64, s390x, ppc64le, or arm64) | Archive unpacked successfully | tkn executables available in PATH",Installing the Red Hat OpenShift Pipelines CLI on Linux,"tkn_cli-combined.adoc -> Installing the Red Hat OpenShift Pipelines CLI on Linux, lines 91-137","Supports multiple Linux architectures; includes tkn, tkn-pac, and opc executables",tkn_cli-combined.adoc
309,tkn_cli,Pipelines CLI (tkn) reference,"When I am using RHEL 8, I want to install the tkn CLI using an RPM package, so I can manage the installation through the system package manager",core,RHEL system administrator,Get Started,user_story,"When I need to manage OpenShift Pipelines from a terminal, I want to install the tkn CLI tool on my platform, so I can interact with pipelines using command-line operations",Active OpenShift subscription | Root or sudo privileges | RHEL 8 system,Register system with subscription manager | Enable OpenShift Pipelines repositories,openshift-pipelines-client package installed via RPM | tkn CLI managed through yum/dnf | Automatic dependency resolution,Installing the Red Hat OpenShift Pipelines CLI on Linux using an RPM,"tkn_cli-combined.adoc -> Installing the Red Hat OpenShift Pipelines CLI on Linux using an RPM, lines 140-230",Requires subscription management and repository enablement; supports multiple architectures,tkn_cli-combined.adoc
310,tkn_cli,Pipelines CLI (tkn) reference,"When I am using Windows, I want to download and install the tkn CLI from a zip archive, so I can manage pipelines from my Windows terminal",core,Windows system administrator,Get Started,user_story,"When I need to manage OpenShift Pipelines from a terminal, I want to install the tkn CLI tool on my platform, so I can interact with pipelines using command-line operations",,Extract zip archive | Add tkn to Windows PATH,CLI tool downloaded for Windows | Archive extracted successfully | tkn executables available in PATH,Installing the Red Hat OpenShift Pipelines CLI on Windows,"tkn_cli-combined.adoc -> Installing the Red Hat OpenShift Pipelines CLI on Windows, lines 233-265","Simpler installation process than Linux; includes tkn, tkn-pac, and opc executables",tkn_cli-combined.adoc
311,tkn_cli,Pipelines CLI (tkn) reference,"When I am using macOS, I want to download and install the tkn CLI from a tar.gz archive, so I can manage pipelines from my macOS terminal",core,macOS system administrator,Get Started,user_story,"When I need to manage OpenShift Pipelines from a terminal, I want to install the tkn CLI tool on my platform, so I can interact with pipelines using command-line operations",,Extract tar.gz archive | Add tkn to macOS PATH,CLI tool downloaded for correct architecture (amd64 or arm64) | Archive extracted successfully | tkn executables available in PATH,Installing the Red Hat OpenShift Pipelines CLI on macOS,"tkn_cli-combined.adoc -> Installing the Red Hat OpenShift Pipelines CLI on macOS, lines 268-306","Supports both Intel (amd64) and Apple Silicon (arm64) architectures; includes tkn, tkn-pac, and opc executables",tkn_cli-combined.adoc
312,tkn_cli,Pipelines CLI (tkn) reference,"When I need to work more efficiently with the tkn CLI, I want to configure the CLI environment with tab completion and customizations, so I can execute commands faster and with fewer errors",core,CLI user,Configure,main_job,,tkn CLI installed,Install tkn CLI | Use tkn commands,CLI is configured for optimal usage | Tab completion is enabled | Command execution is more efficient,Configuring the {pipelines-shortname} tkn CLI,"tkn_cli-combined.adoc -> Configuring the {pipelines-shortname} tkn CLI, lines 310-363",Main job covering the entire configuration section,tkn_cli-combined.adoc
313,tkn_cli,Pipelines CLI (tkn) reference,"When I'm typing tkn commands in the terminal, I want to enable tab completion, so I can automatically complete commands or see available options without memorizing syntax",core,CLI user,Configure,user_story,"When I need to work more efficiently with the tkn CLI, I want to configure the CLI environment with tab completion and customizations, so I can execute commands faster and with fewer errors",tkn CLI tool installed | bash-completion installed on local system,Install tkn CLI | Use tkn completion command,Tab completion is enabled for tkn commands | Commands are automatically completed when pressing Tab | Available options are suggested when pressing Tab | New terminal sessions have tab completion enabled,Enabling tab completion,"tkn_cli-combined.adoc -> Enabling tab completion, lines 329-363",User story with clear prerequisites and procedural steps,tkn_cli-combined.adoc
314,tkn_cli,Pipelines CLI (tkn) reference,"When I need to set up the tkn CLI for the first time, I want to verify the installation and check available commands, so I can confirm the tool is working correctly",core,Pipeline operator,Get Started,main_job,,tkn CLI installed,Enable shell completion | Check CLI version,Confirm tkn is installed and accessible | Understand available tkn commands | Verify correct version is installed,Utility commands,"tkn_cli-combined.adoc -> Utility commands, lines 400-431",Foundational job for CLI usage,tkn_cli-combined.adoc
315,tkn_cli,Pipelines CLI (tkn) reference,"When I am managing CI/CD workflows, I want to manage pipelines from the command line, so I can create, monitor, and control pipeline resources without using the web console",core,Pipeline operator,Operate,main_job,,tkn CLI installed | OpenShift Pipelines installed | Cluster access configured,Manage pipeline runs | Manage tasks | Monitor pipeline execution,Create and deploy pipelines | List and inspect pipeline configurations | Start pipeline executions | Delete obsolete pipelines | View pipeline execution logs,Pipelines management commands,"tkn_cli-combined.adoc -> Pipelines management commands, lines 442-502",Core operational job for pipeline lifecycle management,tkn_cli-combined.adoc
316,tkn_cli,Pipelines CLI (tkn) reference,"When I need to clean up unused pipeline definitions, I want to delete a pipeline from a namespace, so I can remove obsolete or test pipelines",core,Pipeline operator,Operate,user_story,"When I am managing CI/CD workflows, I want to manage pipelines from the command line, so I can create, monitor, and control pipeline resources without using the web console",Pipeline exists in namespace | Permission to delete pipelines,List pipelines | Delete pipeline runs,Remove unwanted pipeline definitions | Clean up namespace resources | Maintain organized pipeline catalog,Pipelines management commands,"tkn_cli-combined.adoc -> Pipelines management commands, lines 456-464",Requires pipeline name and namespace,tkn_cli-combined.adoc
317,tkn_cli,Pipelines CLI (tkn) reference,"When I need to understand a pipeline's configuration, I want to describe a pipeline with detailed information, so I can review its tasks, parameters, and structure",core,Pipeline operator,Reference,user_story,"When I am managing CI/CD workflows, I want to manage pipelines from the command line, so I can create, monitor, and control pipeline resources without using the web console",Pipeline exists,List pipelines | View pipeline runs,View complete pipeline definition | Understand pipeline structure | Review task composition | Inspect parameters and workspaces,Pipelines management commands,"tkn_cli-combined.adoc -> Pipelines management commands, lines 466-473",Provides detailed pipeline specification,tkn_cli-combined.adoc
318,tkn_cli,Pipelines CLI (tkn) reference,"When I need to see what pipelines are available, I want to list all pipelines in my namespace, so I can identify which pipelines I can execute",core,Pipeline operator,Reference,user_story,"When I am managing CI/CD workflows, I want to manage pipelines from the command line, so I can create, monitor, and control pipeline resources without using the web console",Access to namespace,Describe pipeline | Start pipeline,View all available pipelines | Identify pipeline names for execution | Assess pipeline inventory,Pipelines management commands,"tkn_cli-combined.adoc -> Pipelines management commands, lines 475-482",Simple listing command,tkn_cli-combined.adoc
319,tkn_cli,Pipelines CLI (tkn) reference,"When I need to monitor pipeline execution in real-time, I want to stream the live logs for a pipeline, so I can watch progress and troubleshoot issues as they occur",core,Pipeline operator,Monitor,user_story,"When I am managing CI/CD workflows, I want to manage pipelines from the command line, so I can create, monitor, and control pipeline resources without using the web console",Pipeline run is executing or has executed,Start pipeline | View pipeline run logs,Watch real-time execution progress | Identify failures quickly | Monitor task completion | Debug pipeline issues,Pipelines management commands,"tkn_cli-combined.adoc -> Pipelines management commands, lines 484-491",Uses -f flag for streaming logs,tkn_cli-combined.adoc
320,tkn_cli,Pipelines CLI (tkn) reference,"When I need to execute a CI/CD workflow, I want to start a pipeline, so I can trigger the automated build, test, or deployment process",core,Pipeline operator,Deploy,user_story,"When I am managing CI/CD workflows, I want to manage pipelines from the command line, so I can create, monitor, and control pipeline resources without using the web console",Pipeline exists | Required resources configured,View pipeline logs | List pipeline runs | Monitor execution,Initiate pipeline execution | Trigger automated workflows | Create new pipeline run | Begin CI/CD process,Pipelines management commands,"tkn_cli-combined.adoc -> Pipelines management commands, lines 493-500",Creates a pipeline run from pipeline definition,tkn_cli-combined.adoc
321,tkn_cli,Pipelines CLI (tkn) reference,"When I am operating CI/CD pipelines, I want to manage pipeline runs from the command line, so I can monitor, control, and clean up pipeline executions",core,Pipeline operator,Operate,main_job,,tkn CLI installed | Access to pipeline runs,Manage pipelines | View logs | Monitor execution,List active and completed runs | Inspect run details and status | Cancel running executions | Delete old or failed runs | View execution logs,Pipeline run commands,"tkn_cli-combined.adoc -> Pipeline run commands, lines 512-590",Pipeline runs are execution instances of pipeline definitions,tkn_cli-combined.adoc
322,tkn_cli,Pipelines CLI (tkn) reference,"When a pipeline execution is stuck or needs to be stopped, I want to cancel a pipeline run, so I can terminate the execution and free up resources",core,Pipeline operator,Operate,user_story,"When I am operating CI/CD pipelines, I want to manage pipeline runs from the command line, so I can monitor, control, and clean up pipeline executions",Pipeline run is in running state | Permission to cancel runs,List pipeline runs | Delete pipeline run,Stop running pipeline execution | Free cluster resources | Prevent further task execution | Terminate failed or incorrect runs,Pipeline run commands,"tkn_cli-combined.adoc -> Pipeline run commands, lines 527-534",Cancels active execution,tkn_cli-combined.adoc
323,tkn_cli,Pipelines CLI (tkn) reference,"When I need to clean up old pipeline executions, I want to delete pipeline runs with flexible retention options, so I can manage storage and maintain a clean execution history",core,Pipeline operator,Operate,user_story,"When I am operating CI/CD pipelines, I want to manage pipeline runs from the command line, so I can monitor, control, and clean up pipeline executions",Pipeline runs exist | Permission to delete runs,List pipeline runs | Cancel pipeline run,Remove old execution records | Free storage space | Retain recent execution history | Clean up failed runs | Maintain manageable run count,Pipeline run commands,"tkn_cli-combined.adoc -> Pipeline run commands, lines 536-561",Supports selective deletion with --keep flag and --all option; v1.6+ does not delete running executions,tkn_cli-combined.adoc
324,tkn_cli,Pipelines CLI (tkn) reference,"When I need to troubleshoot a pipeline execution, I want to describe a pipeline run with full details, so I can analyze task status, timing, and results",core,Pipeline operator,Monitor,user_story,"When I am operating CI/CD pipelines, I want to manage pipeline runs from the command line, so I can monitor, control, and clean up pipeline executions",Pipeline run exists,View pipeline run logs | List pipeline runs,View complete run status | See task execution details | Review parameters and results | Identify failure points | Analyze execution timing,Pipeline run commands,"tkn_cli-combined.adoc -> Pipeline run commands, lines 563-570",Provides detailed execution information,tkn_cli-combined.adoc
325,tkn_cli,Pipelines CLI (tkn) reference,"When I need to see execution history, I want to list all pipeline runs in a namespace, so I can track which pipelines have executed and their status",core,Pipeline operator,Monitor,user_story,"When I am operating CI/CD pipelines, I want to manage pipeline runs from the command line, so I can monitor, control, and clean up pipeline executions",Access to namespace,Describe pipeline run | View run logs,View execution history | Identify run status | Find specific executions | Track pipeline activity,Pipeline run commands,"tkn_cli-combined.adoc -> Pipeline run commands, lines 572-579",Lists all runs in namespace,tkn_cli-combined.adoc
326,tkn_cli,Pipelines CLI (tkn) reference,"When I need to debug or audit a pipeline execution, I want to display the logs of a pipeline run with all tasks and steps, so I can investigate failures or verify correct behavior",core,Pipeline operator,Monitor,user_story,"When I am operating CI/CD pipelines, I want to manage pipeline runs from the command line, so I can monitor, control, and clean up pipeline executions",Pipeline run exists or is running,Describe pipeline run | Monitor live execution,View complete execution logs | Debug task failures | Verify step outputs | Audit execution activity | Understand error messages,Pipeline run commands,"tkn_cli-combined.adoc -> Pipeline run commands, lines 581-589",Uses -a flag to show all tasks and steps,tkn_cli-combined.adoc
327,tkn_cli,Pipelines CLI (tkn) reference,"When I am building reusable CI/CD components, I want to manage tasks from the command line, so I can create, organize, and maintain task definitions",core,Pipeline developer,Operate,main_job,,tkn CLI installed | Access to namespace | Understanding of task concepts,Manage pipelines | Manage task runs | Test tasks,Create and deploy task definitions | List available tasks | Inspect task specifications | Execute tasks for testing | Remove obsolete tasks,Task management commands,"tkn_cli-combined.adoc -> Task management commands, lines 600-650",Tasks are reusable units of work within pipelines,tkn_cli-combined.adoc
328,tkn_cli,Pipelines CLI (tkn) reference,"When I need to clean up unused task definitions, I want to delete tasks from a namespace, so I can remove obsolete or test task resources",core,Pipeline developer,Operate,user_story,"When I am building reusable CI/CD components, I want to manage tasks from the command line, so I can create, organize, and maintain task definitions",Tasks exist in namespace | Permission to delete tasks,List tasks | Delete task runs,Remove unwanted task definitions | Clean up namespace | Maintain organized task catalog | Free cluster resources,Task management commands,"tkn_cli-combined.adoc -> Task management commands, lines 614-621",Supports deleting multiple tasks in one command,tkn_cli-combined.adoc
329,tkn_cli,Pipelines CLI (tkn) reference,"When I need to understand a task's implementation, I want to describe a task with its full specification, so I can review its steps, parameters, and workspaces",core,Pipeline developer,Reference,user_story,"When I am building reusable CI/CD components, I want to manage tasks from the command line, so I can create, organize, and maintain task definitions",Task exists,List tasks | Start task,View complete task definition | Understand task steps | Review parameters and inputs | Inspect workspace requirements | Assess task capabilities,Task management commands,"tkn_cli-combined.adoc -> Task management commands, lines 623-630",Shows detailed task specification,tkn_cli-combined.adoc
330,tkn_cli,Pipelines CLI (tkn) reference,"When I need to discover available tasks, I want to list all tasks in a namespace, so I can identify reusable components for my pipelines",core,Pipeline developer,Reference,user_story,"When I am building reusable CI/CD components, I want to manage tasks from the command line, so I can create, organize, and maintain task definitions",Access to namespace,Describe task | Search hub for tasks,View available task catalog | Identify task names | Assess task inventory | Find reusable components,Task management commands,"tkn_cli-combined.adoc -> Task management commands, lines 632-639",Lists tasks in specified namespace,tkn_cli-combined.adoc
331,tkn_cli,Pipelines CLI (tkn) reference,"When I need to test a task independently, I want to start a task with specific service account, so I can validate task behavior before using it in a pipeline",core,Pipeline developer,Deploy,user_story,"When I am building reusable CI/CD components, I want to manage tasks from the command line, so I can create, organize, and maintain task definitions",Task exists | Service account configured | Required resources available,View task run logs | Describe task,Execute task standalone | Validate task functionality | Test task with parameters | Verify task outputs | Debug task implementation,Task management commands,"tkn_cli-combined.adoc -> Task management commands, lines 641-648",Allows specifying service account with -s flag,tkn_cli-combined.adoc
332,tkn_cli,Pipelines CLI (tkn) reference,"When I am testing and troubleshooting tasks, I want to manage task runs from the command line, so I can monitor individual task executions and clean up test runs",core,Pipeline developer,Operate,main_job,,tkn CLI installed | Access to task runs,Manage tasks | Monitor task execution | Debug failures,List task executions | Inspect run details | Cancel running tasks | Delete old test runs | View execution logs,Task run commands,"tkn_cli-combined.adoc -> Task run commands, lines 661-729",Task runs are execution instances of task definitions,tkn_cli-combined.adoc
333,tkn_cli,Pipelines CLI (tkn) reference,"When a task execution needs to be stopped, I want to cancel a task run, so I can terminate the execution and prevent resource waste",core,Pipeline developer,Operate,user_story,"When I am testing and troubleshooting tasks, I want to manage task runs from the command line, so I can monitor individual task executions and clean up test runs",Task run is in running state | Permission to cancel runs,List task runs | Delete task run,Stop running task execution | Free cluster resources | Terminate failed or incorrect runs | Prevent further step execution,Task run commands,"tkn_cli-combined.adoc -> Task run commands, lines 675-682",Cancels active task execution,tkn_cli-combined.adoc
334,tkn_cli,Pipelines CLI (tkn) reference,"When I need to clean up test executions, I want to delete task runs with retention options, so I can maintain a clean execution history while preserving recent runs",core,Pipeline developer,Operate,user_story,"When I am testing and troubleshooting tasks, I want to manage task runs from the command line, so I can monitor individual task executions and clean up test runs",Task runs exist | Permission to delete runs,List task runs | Cancel task run,Remove old test executions | Free storage space | Retain recent run history | Manage execution count | Clean up failed runs,Task run commands,"tkn_cli-combined.adoc -> Task run commands, lines 684-698",Supports --keep flag to retain most recent runs,tkn_cli-combined.adoc
335,tkn_cli,Pipelines CLI (tkn) reference,"When I need to analyze a task execution, I want to describe a task run with complete details, so I can review step status, results, and timing",core,Pipeline developer,Monitor,user_story,"When I am testing and troubleshooting tasks, I want to manage task runs from the command line, so I can monitor individual task executions and clean up test runs",Task run exists,View task run logs | List task runs,View complete run status | See step execution details | Review results and outputs | Identify failure points | Analyze execution timing,Task run commands,"tkn_cli-combined.adoc -> Task run commands, lines 700-707",Provides detailed execution information,tkn_cli-combined.adoc
336,tkn_cli,Pipelines CLI (tkn) reference,"When I need to track task execution history, I want to list all task runs in a namespace, so I can see which tasks have executed and their status",core,Pipeline developer,Monitor,user_story,"When I am testing and troubleshooting tasks, I want to manage task runs from the command line, so I can monitor individual task executions and clean up test runs",Access to namespace,Describe task run | View run logs,View execution history | Identify run status | Find specific executions | Track task activity,Task run commands,"tkn_cli-combined.adoc -> Task run commands, lines 709-716",Lists all task runs in namespace,tkn_cli-combined.adoc
337,tkn_cli,Pipelines CLI (tkn) reference,"When I need to debug a task execution, I want to display live logs for a task run, so I can monitor progress and troubleshoot failures in real-time",core,Pipeline developer,Monitor,user_story,"When I am testing and troubleshooting tasks, I want to manage task runs from the command line, so I can monitor individual task executions and clean up test runs",Task run exists or is running,Describe task run | Cancel task run,Watch real-time execution | Debug step failures | Monitor step completion | View output and errors | Identify issues quickly,Task run commands,"tkn_cli-combined.adoc -> Task run commands, lines 719-727",Uses -f flag for live streaming logs,tkn_cli-combined.adoc
338,tkn_cli,Pipelines CLI (tkn) reference,"When I need to configure pipeline inputs and outputs, I want to manage pipeline resources from the command line, so I can create and maintain resource definitions for my pipelines",core,Pipeline operator,Configure,main_job,,tkn CLI installed | Understanding of resource types | Access to namespace,Manage pipelines | Configure workspaces,Create pipeline resources | List available resources | Inspect resource configurations | Update resource definitions | Delete obsolete resources,Pipeline resource management commands,"tkn_cli-combined.adoc -> Pipeline resource management commands, lines 739-791","Pipeline resources define inputs/outputs like git repos, images, storage",tkn_cli-combined.adoc
339,tkn_cli,Pipelines CLI (tkn) reference,"When I need to define a new pipeline input or output, I want to create a pipeline resource interactively, so I can configure git repositories, images, or storage for pipeline use",core,Pipeline operator,Configure,user_story,"When I need to configure pipeline inputs and outputs, I want to manage pipeline resources from the command line, so I can create and maintain resource definitions for my pipelines",Access to namespace | Understanding of resource types,List resources | Use in pipeline,Define new resource | Configure resource type and values | Make resource available to pipelines | Set up git repo or image registry,Pipeline resource management commands,"tkn_cli-combined.adoc -> Pipeline resource management commands, lines 753-762",Interactive command that prompts for resource details,tkn_cli-combined.adoc
340,tkn_cli,Pipelines CLI (tkn) reference,"When I need to clean up unused pipeline resources, I want to delete a pipeline resource, so I can remove obsolete resource definitions",core,Pipeline operator,Operate,user_story,"When I need to configure pipeline inputs and outputs, I want to manage pipeline resources from the command line, so I can create and maintain resource definitions for my pipelines",Resource exists | Permission to delete resources,List resources | Create resource,Remove unwanted resources | Clean up namespace | Free resource definitions,Pipeline resource management commands,"tkn_cli-combined.adoc -> Pipeline resource management commands, lines 764-771",Deletes specified resource by name,tkn_cli-combined.adoc
341,tkn_cli,Pipelines CLI (tkn) reference,"When I need to understand a resource configuration, I want to describe a pipeline resource, so I can review its type, parameters, and values",core,Pipeline operator,Reference,user_story,"When I need to configure pipeline inputs and outputs, I want to manage pipeline resources from the command line, so I can create and maintain resource definitions for my pipelines",Resource exists,List resources | Use in pipeline,View resource details | Understand resource type | Review configuration values | Verify resource setup,Pipeline resource management commands,"tkn_cli-combined.adoc -> Pipeline resource management commands, lines 773-780",Shows detailed resource specification,tkn_cli-combined.adoc
342,tkn_cli,Pipelines CLI (tkn) reference,"When I need to see available pipeline resources, I want to list all pipeline resources in a namespace, so I can identify which resources I can use in my pipelines",core,Pipeline operator,Reference,user_story,"When I need to configure pipeline inputs and outputs, I want to manage pipeline resources from the command line, so I can create and maintain resource definitions for my pipelines",Access to namespace,Describe resource | Create resource,View available resources | Identify resource names | Assess resource inventory | Find resources for pipeline use,Pipeline resource management commands,"tkn_cli-combined.adoc -> Pipeline resource management commands, lines 782-789",Lists all resources in namespace,tkn_cli-combined.adoc
343,tkn_cli,Pipelines CLI (tkn) reference,"When I am implementing event-driven CI/CD, I want to manage trigger resources from the command line, so I can configure automated pipeline execution based on external events",core,DevOps engineer,Configure,main_job,,tkn CLI installed | Tekton Triggers installed | Understanding of trigger concepts,Manage pipelines | Configure webhooks | Monitor events,Create and configure event listeners | Define trigger bindings for event data | Set up trigger templates | Manage cluster-level triggers | Enable webhook-based automation,Trigger management commands,"tkn_cli-combined.adoc -> Trigger management commands, lines 801-953","Covers EventListener, TriggerBinding, TriggerTemplate, ClusterTriggerBinding",tkn_cli-combined.adoc
344,tkn_cli,Pipelines CLI (tkn) reference,"When I need to receive webhook events, I want to manage event listeners, so I can configure endpoints that trigger pipelines from external systems",core,DevOps engineer,Configure,user_story,"When I am implementing event-driven CI/CD, I want to manage trigger resources from the command line, so I can configure automated pipeline execution based on external events",Tekton Triggers installed | Access to namespace,Create trigger bindings | Create trigger templates | Monitor event listener logs,Create webhook endpoints | List configured listeners | View listener details | Monitor incoming events | Delete obsolete listeners,Trigger management commands,"tkn_cli-combined.adoc -> Trigger management commands, lines 806-848","Supports delete, describe, list, and logs operations",tkn_cli-combined.adoc
345,tkn_cli,Pipelines CLI (tkn) reference,"When I need to map webhook payload data to pipeline parameters, I want to manage trigger bindings, so I can extract event information and pass it to pipeline runs",core,DevOps engineer,Configure,user_story,"When I am implementing event-driven CI/CD, I want to manage trigger resources from the command line, so I can configure automated pipeline execution based on external events",Understanding of event structure | Access to namespace,Configure event listeners | Define trigger templates,Define parameter mappings | Extract webhook data | Bind event fields to parameters | List and manage bindings | Remove obsolete bindings,Trigger management commands,"tkn_cli-combined.adoc -> Trigger management commands, lines 850-883","Supports delete, describe, and list operations",tkn_cli-combined.adoc
346,tkn_cli,Pipelines CLI (tkn) reference,"When I need to define what happens when an event is received, I want to manage trigger templates, so I can specify which pipelines or tasks to create in response to events",core,DevOps engineer,Configure,user_story,"When I am implementing event-driven CI/CD, I want to manage trigger resources from the command line, so I can configure automated pipeline execution based on external events",Understanding of pipeline/task definitions | Access to namespace,Configure trigger bindings | Configure event listeners,Define pipeline/task templates | Specify resource creation logic | List available templates | View template details | Remove obsolete templates,Trigger management commands,"tkn_cli-combined.adoc -> Trigger management commands, lines 885-917","Supports delete, describe, and list operations",tkn_cli-combined.adoc
347,tkn_cli,Pipelines CLI (tkn) reference,"When I need to share trigger bindings across all namespaces, I want to manage cluster trigger bindings, so I can define reusable parameter mappings available cluster-wide",core,Platform engineer,Configure,user_story,"When I am implementing event-driven CI/CD, I want to manage trigger resources from the command line, so I can configure automated pipeline execution based on external events",Cluster admin permissions | Understanding of cluster resources,Manage trigger bindings | Configure event listeners,Define cluster-wide bindings | Share bindings across namespaces | List cluster bindings | View binding details | Remove obsolete cluster bindings,Trigger management commands,"tkn_cli-combined.adoc -> Trigger management commands, lines 918-951","Cluster-scoped resource, no namespace flag needed",tkn_cli-combined.adoc
348,tkn_cli,Pipelines CLI (tkn) reference,"When I am building pipelines, I want to discover and install tasks from Tekton Hub, so I can reuse community-maintained tasks instead of building everything from scratch",core,Pipeline developer,Get Started,main_job,,tkn CLI installed | Internet access to Tekton Hub | Understanding of task concepts,Manage tasks | Build pipelines | Share tasks,Search for reusable tasks | Install tasks from catalog | View task documentation | Upgrade installed tasks | Manage task versions,Hub interaction commands,"tkn_cli-combined.adoc -> Hub interaction commands, lines 963-1050",Hub provides catalog of reusable Tekton resources,tkn_cli-combined.adoc
349,tkn_cli,Pipelines CLI (tkn) reference,"When I need to revert a task to a previous version, I want to downgrade an installed hub resource, so I can roll back to a known working version",core,Pipeline developer,Operate,user_story,"When I am building pipelines, I want to discover and install tasks from Tekton Hub, so I can reuse community-maintained tasks instead of building everything from scratch",Task installed from hub | Previous version available,Upgrade task | List installed versions,Revert to earlier version | Fix breaking changes | Restore stable functionality,Hub interaction commands,"tkn_cli-combined.adoc -> Hub interaction commands, lines 988-995",Downgrades to specified earlier version,tkn_cli-combined.adoc
350,tkn_cli,Pipelines CLI (tkn) reference,"When I need to review a task before installing, I want to get the manifest for a hub resource, so I can examine its implementation and determine if it fits my needs",core,Pipeline developer,Reference,user_story,"When I am building pipelines, I want to discover and install tasks from Tekton Hub, so I can reuse community-maintained tasks instead of building everything from scratch",Hub access | Resource exists in catalog,View task info | Install task,Review task YAML definition | Understand task implementation | Verify task compatibility | Assess task requirements,Hub interaction commands,"tkn_cli-combined.adoc -> Hub interaction commands, lines 997-1004","Gets manifest by name, kind, catalog, and version",tkn_cli-combined.adoc
351,tkn_cli,Pipelines CLI (tkn) reference,"When I am evaluating tasks from the hub, I want to display detailed information about a hub resource, so I can understand its purpose, parameters, and usage",core,Pipeline developer,Reference,user_story,"When I am building pipelines, I want to discover and install tasks from Tekton Hub, so I can reuse community-maintained tasks instead of building everything from scratch",Hub access | Resource exists in catalog,Search hub | Get manifest | Install task,View task description | Understand parameters | See usage examples | Review task metadata | Check version information,Hub interaction commands,"tkn_cli-combined.adoc -> Hub interaction commands, lines 1006-1013","Shows information by name, kind, catalog, and version",tkn_cli-combined.adoc
352,tkn_cli,Pipelines CLI (tkn) reference,"When I need to add a task from the hub to my cluster, I want to install a hub resource by version, so I can deploy the task for use in my pipelines",core,Pipeline developer,Deploy,user_story,"When I am building pipelines, I want to discover and install tasks from Tekton Hub, so I can reuse community-maintained tasks instead of building everything from scratch",Hub access | Permission to create tasks | Target namespace exists,Search hub | View task info | Use in pipeline,Deploy task to namespace | Make task available for pipelines | Install specific version | Add hub task to cluster,Hub interaction commands,"tkn_cli-combined.adoc -> Hub interaction commands, lines 1015-1022","Installs by kind, name, catalog, and version",tkn_cli-combined.adoc
353,tkn_cli,Pipelines CLI (tkn) reference,"When I need to refresh an installed hub task, I want to reinstall a resource, so I can repair or reset a task to its original state",core,Pipeline developer,Operate,user_story,"When I am building pipelines, I want to discover and install tasks from Tekton Hub, so I can reuse community-maintained tasks instead of building everything from scratch",Task previously installed | Hub access,Install task | Upgrade task,Reset task to clean state | Repair corrupted task | Reinstall specific version | Fix installation issues,Hub interaction commands,"tkn_cli-combined.adoc -> Hub interaction commands, lines 1024-1031","Reinstalls by kind, name, catalog, and version",tkn_cli-combined.adoc
354,tkn_cli,Pipelines CLI (tkn) reference,"When I am looking for reusable tasks, I want to search the hub by name, kind, and tags, so I can find tasks that match my requirements",core,Pipeline developer,Get Started,user_story,"When I am building pipelines, I want to discover and install tasks from Tekton Hub, so I can reuse community-maintained tasks instead of building everything from scratch",Hub access | Understanding of required functionality,View task info | Install task,Find relevant tasks | Discover community resources | Filter by tags or categories | Identify task candidates,Hub interaction commands,"tkn_cli-combined.adoc -> Hub interaction commands, lines 1033-1040",Supports searching by tags and other criteria,tkn_cli-combined.adoc
355,tkn_cli,Pipelines CLI (tkn) reference,"When a new version of a hub task is available, I want to upgrade an installed resource to the latest version, so I can benefit from improvements and bug fixes",core,Pipeline developer,Operate,user_story,"When I am building pipelines, I want to discover and install tasks from Tekton Hub, so I can reuse community-maintained tasks instead of building everything from scratch",Task installed from hub | Newer version available,Downgrade task | View task info,Update to newer version | Get latest features | Apply bug fixes | Keep tasks current,Hub interaction commands,"tkn_cli-combined.adoc -> Hub interaction commands, lines 1042-1049",Upgrades to specified or latest version,tkn_cli-combined.adoc
